map,fold,component,true_uM,ratio_pct,probability_weighted_band__power_huber,direct_band_calibration__power_huber,probability_weighted_band__competition_ridge,pie_partition_above_intercept__constant_factor,direct_band_calibration__competition_ridge,pie_partition_raw_signal__constant_factor,pie_partition_raw_signal__power_huber,probability_weighted_band__constant_factor,direct_band_calibration__constant_factor,pie_partition_above_intercept__power_huber,pie_partition_above_intercept__competition_ridge,pie_partition_raw_signal__competition_ridge,probability_weighted_band__raw,direct_band_calibration__raw,pie_partition_above_intercept__raw,pie_partition_raw_signal__raw
DQ12-TB12-TH6.csv,1,DQ,12.0,35.52466540127192,15.303790573515498,15.070279069752386,13.890641218593306,20.870443567804443,14.333032121138531,20.87746110429688,19.159226040463746,26.0251060265941,27.283502235319165,19.43232016730489,15.360212560068549,15.394408601403786,6.4960897585993225,6.771076088656801,1.9728241083883915,0.9574547921306027
DQ12-TB12-TH6.csv,1,TBZ,12.0,45.57732159452584,13.051145286509676,13.122640431059706,15.788556701512144,13.584747641211283,16.68575731015699,13.134410544583849,12.324088932700645,13.104625127812461,13.13331341630539,12.060949013392365,13.525527469846033,12.910905151718591,2.0908968041963822,2.0849901208061836,1.3977807559393718,1.2112138640153032
DQ12-TB12-TH6.csv,1,THI,6.0,18.89801300410224,8.78926944731398,8.94916751381859,7.840889277922957,6.1055155479867285,8.458823919282022,5.345741041459254,5.961979652013066,8.57391491766511,9.815660418417368,6.131445364562416,7.6532886894568035,7.411798103965956,5.5200812030972255,5.1070340570288275,1.3609113096362464,0.9347675728310888
DQ12-TB6-TH3.csv,1,DQ,12.0,49.949883296911345,10.837898631982906,11.284582789263233,10.950801868064868,10.638965381510431,12.071839445317952,12.510960829402682,11.371332807080824,3.9348314417927917,4.075299372566879,9.022071107473343,12.72866715139858,12.635046367847094,0.9821676885667591,1.011386364466961,1.0056713612609283,0.5737613084478205
DQ12-TB6-TH3.csv,1,TBZ,6.0,29.536566832474552,8.15452171720109,8.20759975248871,5.945138447534575,10.641801959143066,6.641011282000029,9.86360654094315,8.470059491511309,8.561348753761012,8.563933120658014,8.582930136132726,7.494056955711096,7.56870864558923,1.3659983841016408,1.3595743424236295,1.0949710940439497,0.9095906474850409
DQ12-TB6-TH3.csv,1,THI,3.0,20.5135498705141,2.584292174673665,2.6527186847032636,2.5723093633078093,4.407055251988757,2.8972674881149447,3.8876173768768316,4.449830652879508,1.4364383857126277,1.761976052894265,4.4417584999999375,5.324056369922058,5.3744326169041505,0.9248116652105678,0.9167464364309285,0.9823267646253079,0.6797969881622106
DQ24-TB6-TH12.csv,1,DQ,24.0,57.30688538265022,15.715406560411326,15.204143315273761,36.33635950932228,32.72903359194681,35.8980728849807,41.797491866359636,38.86121870132163,30.095524700468584,28.916307663652532,32.435980663520766,38.68045511611751,43.933201520755425,7.512101183626662,7.176297152208716,3.093783143835632,1.9168618581810886
DQ24-TB6-TH12.csv,1,TBZ,6.0,15.75671609545738,5.977287029607297,6.0057681360913335,12.30158006604581,9.753431864613715,12.329382926275207,8.718149957885746,7.205805593441481,6.463071598844207,6.442808833437265,7.601275903002361,10.113744014299696,9.624031701358504,1.0312096393078256,1.022833487799188,1.003563682211127,0.8039602585675242
DQ24-TB6-TH12.csv,1,THI,12.0,26.9363985217924,19.030363864763785,18.812548005970516,17.411505638683845,9.234482771461343,17.75410105949215,8.392016444772347,9.021543244930564,26.47504450205807,28.03353895202301,9.231357537535178,11.210425621225172,10.920607435701553,17.04523510093007,14.585695925094926,2.0583539495639864,1.4674457259338274
DQ24-TB6-TH3.csv,1,DQ,24.0,66.97357605932808,16.014267232792932,15.557655751490065,28.345234144054935,43.81375116867939,30.228914733247162,62.359201339213264,58.41605518333023,33.36539273147289,33.63185457890214,45.21406674526908,55.06489487698597,68.72322199895264,8.328288299501335,8.346576784471347,4.141590201649646,2.8598360623159516
DQ24-TB6-TH3.csv,1,TBZ,6.0,22.5745491229901,8.77407399672083,8.796021556381328,11.296117762347103,10.5660541519261,11.959589216306524,9.61555014757027,8.192214900130868,9.148066949511263,9.121625796603153,8.497925688399857,11.50805305235612,11.248050827169351,1.4596116838712352,1.4481113081483603,1.0871771452692751,0.8867156702113359
DQ24-TB6-TH3.csv,1,THI,3.0,10.451874817581826,5.130383904838897,5.2056477791735585,4.511195674451858,4.911009078251647,4.881628446162246,4.134928409976546,4.709168844482963,3.9078809282161577,4.56616362809915,4.943756572815851,7.210036814043815,7.185150357226395,2.5159825194139778,2.3757497880543643,1.0946574034231698,0.7230423179213684
DQ250-TB50-TH0.csv,1,DQ,250.0,35.25110110313842,13.484425316372176,13.521660717720247,11.09130820925942,16.14933501155628,11.782242164244982,16.105287976875438,14.707894326939298,13.01501335049049,13.378056958107193,14.511101394042736,15.05964225934185,15.673097220248167,3.248659000572738,3.3200958146958617,1.5265510453446762,0.7385996350355596
DQ250-TB50-TH0.csv,1,TBZ,50.0,62.437030683281634,29.58237597325618,29.51893675893436,21.22503079278875,24.38665424371526,22.38615318812036,24.64824142714575,28.102098379346206,27.485916690268112,27.490240841242887,27.254160819333137,23.605816645466142,23.837658563274104,4.385490985630585,4.364236103694405,2.509225559715515,2.2729829891350617
DQ250-TB50-TH0.csv,1,THI,0.0,2.311868213479936,2.298370388761661,2.356673895215345,2.06603316298078,4.460069114260924,2.2819979957576275,3.6163151708503083,4.163778764784499,1.2105044531946518,1.4907683224575434,4.494595322259562,6.151824762506682,6.11407395329355,0.7793502667699647,0.775638547931547,0.9941434841417263,0.6323565112172396
DQ3-TB12-TH24.csv,1,DQ,3.0,17.828231844640953,11.371946040425387,11.565203202398871,20.839723675542796,10.90988055005901,18.235964922935615,8.949343383986157,8.083088628753098,5.120348458159573,4.789314125068904,9.284135264575815,14.366035985448221,14.10449812013113,1.2780829075401565,1.1885867904209315,1.0312802072878153,0.41042307139809786
DQ3-TB12-TH24.csv,1,TBZ,12.0,20.997951769236924,5.92523370022158,5.833259400493202,13.928759942735532,9.71068074585148,12.786482354218718,8.800524390314559,7.295092541988002,6.412103729773943,6.27396829895975,7.554892553559866,13.590403106723222,13.99094911339168,1.023077506300103,0.9960290679838353,0.9991648746160966,0.8115565686005856
DQ3-TB12-TH24.csv,1,THI,24.0,61.173816386022125,28.88161604386179,26.085458471047406,44.33883030056589,30.659601784948126,39.63106114301476,32.65009206266054,31.419232049400485,48.67014780065183,44.48165280794748,30.24510569364471,30.130747234060273,30.652566007707637,31.334946824910368,23.143558978148466,6.833984532532755,5.709264080213194
DQ3-TB24-TH12.csv,1,DQ,3.0,12.392857627725645,16.155832801834467,15.821792748111593,10.681941820183601,13.950826138029663,10.744002571204211,10.767203476127186,9.758846319931834,35.01254075744268,37.56694135205614,12.283752222237041,12.361626642272782,12.73068275625225,8.739430579247111,9.323165923456603,1.3187322084278628,0.4937913913268646
DQ3-TB24-TH12.csv,1,TBZ,24.0,67.13292276206424,97.64256334722229,94.74710760923921,75.93670768521474,53.333966617445014,73.27184644539577,54.57655748528212,79.57986802508951,81.01030833664542,79.5526133187089,81.08964421264909,55.99807037126037,57.30065455513138,12.92552767866398,12.629441451377724,5.487712701384443,5.032877787093438
DQ3-TB24-TH12.csv,1,THI,12.0,20.47421961011012,7.840754747028154,8.232042454702338,8.347083202166365,6.114965331118459,8.974513919581145,5.393242034230527,6.010619706731368,7.257630788937594,8.723317886755984,6.140830233724255,9.290444747289884,9.721418740363474,4.672627578154715,4.538694253762157,1.3630176537502698,0.943073696785748
DQ3-TB24-TH24.csv,1,DQ,3.0,20.846631864304936,13.054663756353778,13.15067759062415,24.2548100419372,13.077710431092038,22.694706384120863,11.096891532525895,10.063361481747897,10.90002863166821,11.142554973064556,11.412215565623885,12.405945680697297,11.822791989368167,2.7207406682709996,2.7653006895497905,1.2361990456580825,0.5089111134008385
DQ3-TB24-TH24.csv,1,TBZ,24.0,41.56852499035942,19.342488426528288,17.78183398411075,34.503461861807224,14.79921669528502,31.123365397651433,14.158417728489713,13.597210060715568,18.71054436182274,17.32239869020104,13.589273262575878,17.218945907792435,16.950731810286218,2.985344260468774,2.7500318459540307,1.5227415956474548,1.305644572861198
DQ3-TB24-TH24.csv,1,THI,24.0,37.58484314523565,34.33818323240431,34.64444541689599,35.47165709455354,16.98769292366785,35.687250319294506,16.218329722889436,16.52311991912991,62.65466198213517,66.41226643837011,16.86783533964634,17.523289862737123,17.04642828468388,40.33849475009494,34.553936469606896,3.7865341989130683,2.8359714009456134
DQ3-TB3-TH24.csv,1,DQ,3.0,6.722496445303229,10.996142305475278,11.113818109342995,33.64968005784563,10.515935891427707,35.1894590513836,7.6162018420074125,6.858166634834794,4.25984106767079,3.686676187410397,8.903364948833598,84.5838050668581,80.84632663593602,1.0632928797554062,0.9149399063174537,0.9940417309040369,0.34928427911012067
DQ3-TB3-TH24.csv,1,TBZ,3.0,13.594083770692695,7.25047383399142,7.124374329036832,26.042623563932263,9.957114554242548,25.785032005839543,8.849688305030185,7.34850562975846,7.697489916477545,7.527732226228306,7.823359392634915,63.12797340516601,63.97376365090789,1.2281661558206998,1.1950714055353504,1.024521284913842,0.8160903095637373
DQ3-TB3-TH24.csv,1,THI,24.0,79.68341978390406,63.96212204479499,73.51318629222767,131.8742979511828,387.57707621969996,139.1836719717961,449.6821638657284,349.42502093777506,155.32226070975966,192.19884396322053,371.7576718354657,375.34045385297276,367.015822071174,100.0,100.0,86.39041572125167,78.63237324856541
DQ3-TB3-TH6.csv,1,DQ,3.0,14.159354613117575,13.577076552678877,13.53538500100245,8.633559504366994,12.550033631727759,8.69623566034393,9.879843032658522,8.940124940888039,13.51221747678091,13.467554539617586,10.889360023227251,7.76861774555941,7.248626743896547,3.372765416486203,3.3423068537674205,1.1863192475674955,0.4530964282419449
DQ3-TB3-TH6.csv,1,TBZ,3.0,42.73752434559835,6.977826002264388,6.992035165189604,10.484393201554804,10.411605616903884,11.124210230079566,9.991487490550629,8.614147757346863,7.435006136720832,7.400215899448885,8.325345759598422,11.254567982053842,11.201716583187999,1.1862857898511383,1.1748274447655953,1.0712854117061015,0.9213834248298828
DQ3-TB3-TH6.csv,1,THI,6.0,43.10312104118406,12.426194345201496,12.90579504160372,15.107574631968362,11.32242934879319,16.125354191009055,11.089466342333441,11.653505382796174,14.212425823518359,16.462929827047073,11.293106726058353,12.116162733641476,12.041747614916437,9.15028261794114,8.565571721231292,2.523754469581363,1.9391275141126931
DQ333-TB333-TH333.csv,1,DQ,333.0,15.495808069155226,9.471668534536896,9.839057532042759,49.366056989738965,9.216673764158998,52.37617329606136,7.365248171044292,6.628015239969911,1.8816140288815548,1.655334215728166,7.661908871548175,82.91893719415864,77.4042940134527,0.4696670057814138,0.4108121395186173,0.8712261501299985,0.3377753703560311
DQ333-TB333-TH333.csv,1,TBZ,333.0,11.973200455166552,5.196354770897431,5.055281219267435,21.003012211590345,9.563647306072832,20.913939757856348,8.463791626905568,6.931755646768916,5.69376350586725,5.506790541044464,7.395980819009327,51.52242362858112,51.63817835293272,0.9084633709209446,0.8742351234207129,0.9840361053499905,0.7805041365082036
DQ333-TB333-TH333.csv,1,THI,333.0,72.53099147557822,63.96212204479499,73.51318629222767,116.45072866809413,304.5550139462147,123.93273017221169,341.8433586179818,271.63378811797907,155.32226070975966,192.19884396322053,292.9041980406961,290.529488136846,280.38104151672997,100.0,100.0,67.8849082650357,59.77545192434737
DQ50-TB0-TH150.csv,1,DQ,50.0,0.2861515745605845,9.158290220653074,9.775126944713513,33.835784437990306,10.550778406469284,34.55138794174205,7.109392508752159,6.393519935780032,1.5650484329992662,1.5859092812955768,8.936963625729668,81.42363854046513,82.8146633070784,0.3906495169291329,0.39358262442782593,0.9973352954824604,0.32604165289241993
DQ50-TB0-TH150.csv,1,TBZ,0.0,1.9540437356908968,5.344990818009133,5.227206116886858,21.160243434332674,9.699079272127035,20.989098521351156,8.36021818608113,6.82088787306613,5.840986188958125,5.677180052311332,7.542319228072351,61.785241778483986,65.47244700282683,0.9319533551499946,0.9012854523376599,0.9979711596395023,0.7709529208640377
DQ50-TB0-TH150.csv,1,THI,150.0,97.75980468964852,63.96212204479499,73.51318629222767,179.50196685372507,448.6343455855806,185.8409147456985,571.8791704839362,435.75375916011984,155.32226070975966,192.19884396322053,429.6270640407919,449.58346493239003,469.23636041763706,100.0,100.0,100.0,100.0
DQ50-TB0-TH250.csv,1,DQ,50.0,1.9532848938728844,9.018386145608742,9.653710297434737,35.95765217681797,10.371375250797218,36.7965076607933,7.120371227642554,6.403578869176869,1.4385452900116928,1.4608374323272297,8.764130336923268,84.64237843836868,86.08107324893476,0.3590732470475632,0.36254295075948817,0.9803768216732696,0.32654514452679784
DQ50-TB0-TH250.csv,1,TBZ,0.0,4.9556876340651606,5.5872824343629235,5.619510883713434,21.824194621531426,9.700515210863413,22.018527890217815,8.427786120189337,6.89316650619296,6.080147863937073,6.064147117429494,7.5438751343110635,63.45891388127951,67.43771860701139,0.9701125834394353,0.9627187313795684,0.9981189082459122,0.7771838223785696
DQ50-TB0-TH250.csv,1,THI,250.0,93.09102747196197,63.96212204479499,73.51318629222767,165.68720998231905,448.6343455855806,172.42486832532887,571.8791704839362,435.75375916011984,155.32226070975966,192.19884396322053,429.6270640407919,445.693560987718,467.4322083857839,100.0,100.0,100.0,100.0
DQ500-TB500-TH0.csv,1,DQ,500.0,68.49055103212412,12.003909394021115,12.255116693953662,18.168170440880505,15.456455905808935,20.356616584479035,22.37623997778409,20.561427832620083,6.884912034339115,7.0091409572015095,13.804296439483611,25.544071954711534,28.22829107112629,1.718533116038978,1.7394917385604105,1.4610551396359148,1.0261898268934784
DQ500-TB500-TH0.csv,1,TBZ,500.0,28.724141487906635,6.917580109521804,6.810983498458435,5.766328950469816,10.109505862291293,6.387136988447853,9.350217170931378,7.897466021566507,7.376876152895449,7.2254138047121375,7.990692441465706,7.867342688452954,8.053073912018931,1.1770109119951877,1.147076592481064,1.0402013434168629,0.8622475009855767
DQ500-TB500-TH0.csv,1,THI,0.0,2.785307479869244,2.636799438993191,2.8474077461269647,1.9841228438773673,4.487982363764797,2.35318228774293,3.6469355489139055,4.196149165982403,1.4792328262405345,1.947357884086253,4.522412558493976,5.451230329577687,5.387767295582295,0.9523636982110879,1.0131995822300068,1.0003653103970118,0.6377108552192576
DQ6-TB24-TH12.csv,1,DQ,6.0,23.750769351965467,17.517529229492798,16.875658814954082,17.96261128280394,19.88101105449401,17.759790323017324,17.428103236432257,15.93956347669132,54.530323374420064,57.39431261464905,18.38679178560346,17.46195567835537,18.277090766819178,13.611236582233357,14.24381864241988,1.8792958463013634,0.7992648568764228
DQ6-TB24-TH12.csv,1,TBZ,24.0,55.85349368448518,101.89738629855803,99.51069781619569,94.21500886204527,41.07863290337725,88.22523848636095,40.80591611252678,54.379614606838565,84.19914054573798,83.18898829607177,56.360686199795126,41.61141559501975,40.62951241724351,13.434318964952618,13.206737192598318,4.22671985296584,3.762992725221218
DQ6-TB24-TH12.csv,1,THI,12.0,20.395736963449348,16.49544529733579,16.833783278810735,15.3469108525908,7.505494469857442,16.016422265570096,6.617247265242238,7.252783684722992,21.48947609093703,23.96090616651238,7.520178500730075,10.466384345500751,10.523874959405411,13.835412897506673,12.466727516372355,1.6729647526341045,1.1571058375220389
DQ6-TB24-TH6.csv,1,DQ,6.0,13.783367090956444,14.953194854085439,14.921036211107959,7.922330747575941,13.646468693032196,8.162253992824144,10.697801214598947,9.69476532352693,22.92373787136396,25.555933800162894,11.97906088990274,8.229606257796254,8.039330712961645,5.721961657440029,6.342337240472487,1.2899621584235224,0.49060855565767314
DQ6-TB24-TH6.csv,1,TBZ,24.0,70.5426821916433,24.88617039100093,23.821200896850318,24.34025054252292,23.941746679570382,25.24012603624001,24.72044366065569,28.209944444603053,23.504667837626524,22.610744234143283,26.563851192482826,25.07829019136982,25.481992812358953,3.7502663667262524,3.5895875517395712,2.4634475115869656,2.2796412511060318
DQ6-TB24-TH6.csv,1,THI,6.0,15.673950717300276,7.876389013926037,8.442212308628488,6.869330747697882,5.718517998907307,7.752327346374819,4.932695220576312,5.537504985759846,7.305821682378826,9.039543375629854,5.746965250318531,7.438971836601624,7.451791986960458,4.703653970135503,4.703224634046017,1.2746500697451515,0.8625415079206612
DQ6-TB3-TH24.csv,1,DQ,6.0,18.887999663798496,12.949266366925755,13.046922715456688,16.29423751899274,12.694309950235422,16.044487955008613,10.537581253198852,9.546859794651287,10.426832109233654,10.577307613203704,11.032020681867172,17.699938798302224,18.111806363133766,2.6026267562642316,2.6250205726674487,1.1999572806306988,0.4832607575192334
DQ6-TB3-TH24.csv,1,TBZ,3.0,12.809001992649636,6.112833886825818,6.070836005558765,12.788270448030355,9.759209407680968,12.910217139407088,8.655886846892214,7.138490544729281,6.595595497707945,6.5063806223689005,7.607550463133909,14.118451779750393,14.580934011562466,1.0523543720957744,1.0329258801515913,1.0041581532112005,0.798218551088829
DQ6-TB3-TH24.csv,1,THI,24.0,68.30299834345188,23.738930948073566,24.863561197294434,41.89513021798245,36.62167063662723,42.9045232579307,40.30839285418271,38.128161787507096,36.55697491997386,41.56728495670162,36.05563644243076,36.28591968266894,37.425864520804716,23.53621094164052,21.6272294357067,8.162921764009562,7.048410736847245
DQ6-TB6-TH12.csv,1,DQ,6.0,22.48210121346974,11.872071834926219,12.276772200470239,12.116480631527818,12.012358502235678,11.821068442889118,10.38154560253665,9.40285758661919,6.480950788881953,7.090946868476385,10.359726187536078,9.755250443007883,9.286419013025162,1.6177009232016557,1.759793899366842,1.1354943355575196,0.4761048547625044
DQ6-TB6-TH12.csv,1,TBZ,6.0,32.659174041852694,7.497285931360752,7.516953904124785,10.69113163845646,10.466968040620928,11.043658953610622,9.781632840611291,8.377999810280198,7.934294181305352,7.904784025378581,8.387092436499278,10.50019533649809,10.469476221855773,1.2659492496306626,1.2549305782620512,1.0769818392377466,0.9020312917005114
DQ6-TB6-TH12.csv,1,THI,12.0,44.85872474457756,13.534992218725332,13.441430431620821,16.43884428711354,12.064389111126042,16.88536779355056,11.912626737832326,12.445667156722449,16.100711027706712,17.436229578140324,12.024699972448314,12.790006444265613,12.792604989057176,10.366003529779313,9.071974221383426,2.6891363155397703,2.0830670800182514
DQ0-TB50-TH250.csv,2,DQ,0.0,22.33770929427892,12.064635144211369,13.169875433683355,68.73672081670686,7.56863782411136,72.68814186344136,6.494567146805928,5.621478361624591,1.3244496542239605,1.2709842646050942,5.828593679901735,81.30411767899066,71.16730996887634,0.3725381909079426,0.37277839250721606,0.8021801482045595,0.33580442516418524
DQ0-TB50-TH250.csv,2,TBZ,50.0,9.840215510491614,6.456416703049182,6.595385401382791,29.083193192099223,9.405634914419972,29.47683691988991,8.468551862309525,7.667376382486368,5.83134289252072,5.849848134764769,8.119545291582275,56.95937149420389,56.0232362223919,0.973859726021627,0.974687326608363,0.9974802912276248,0.7867377397048524
DQ0-TB50-TH250.csv,2,THI,250.0,67.82207519512944,73.87588367620114,85.48574803117776,102.1116757926693,392.9831730714199,108.89767611915454,439.342277876184,269.50008060934886,150.00000000000006,152.41240781355083,308.2059913524102,252.8155004083106,236.7025905787314,100.0,100.0,91.538412625599,78.86451414270604
DQ12-TB6-TH12.csv,2,DQ,12.0,44.57684680963025,12.172268584094352,12.818655078473794,17.062837341713838,8.943045442337707,17.891825814400708,9.847227556069981,8.753720967905231,3.1081974360358884,3.02349353668338,7.118022100224024,14.049234796886722,12.948421078227902,0.8742667160753506,0.8867875801050815,0.9478500207105458,0.5091551929759142
DQ12-TB6-TH12.csv,2,TBZ,6.0,31.162424361254676,7.830579718042245,7.947354108428882,7.50364411614744,10.002571416320473,8.191822401757493,9.525967886360801,8.742196363601522,7.262475603847492,7.253020696701426,8.736537027753549,9.274962934778221,9.28300996881209,1.2128651379552773,1.2084804921157686,1.0607862138131636,0.8849728460389495
DQ12-TB6-TH12.csv,2,THI,12.0,24.260728829015072,4.511463114250803,4.46210766074685,4.334520762583763,5.212754001550547,4.794951937195821,4.762974362270544,5.594916989817918,3.638965656520619,3.392201639186455,5.511883320535296,6.464111895852768,6.451685774072,2.4259771043470786,2.225672888349224,1.2142179599709144,0.8549818168432495
DQ12-TB6-TH6.csv,2,DQ,12.0,44.91847707370894,12.193754956920998,12.751288144460199,14.82377524731252,9.644128992819756,15.888122914734891,10.659949690140992,9.524450476988129,3.6819008795887718,3.5799515836420612,7.7914353267573455,14.289139341351765,13.342052814194348,1.0356367177943495,1.049996159486994,1.0221560344872718,0.5511773451657098
DQ12-TB6-TH6.csv,2,TBZ,6.0,32.00274217121978,8.10677518640682,8.222755619493984,7.076586833599003,10.145232282288575,7.885729990272327,9.683227442043176,8.903258250631476,7.55452606710328,7.543582453133198,8.885047167636507,9.356820432704877,9.34581545100148,1.2616388405779722,1.2568931782345858,1.0759155914072782,0.8995824309356523
DQ12-TB6-TH6.csv,2,THI,6.0,23.078780754971273,3.2051408983419134,3.2965838935673646,3.256289514692462,4.7190879054273855,3.729948122907482,4.2883650187573465,5.113912393833019,2.3093102810433614,2.2964224289610184,5.024323715378592,6.046550121275207,6.049460681055573,1.5395401873622405,1.5067161931922748,1.0992272583258393,0.7697866576960447
DQ24-TB12-TH24.csv,2,DQ,24.0,33.624641635735564,12.41208499642299,12.121709580694427,32.15903666361879,16.55510292958105,31.2458681981911,16.12231467893505,14.791787004599183,20.244571187069187,18.15102324006984,14.88276154308955,18.13497122021383,18.163209851417868,5.694347007970531,5.323676660856778,1.7546321055668035,0.8336113078357354
DQ24-TB12-TH24.csv,2,TBZ,12.0,31.66739133079271,8.221504718646957,8.35945733262037,26.1579493787157,10.198671289237865,25.61241718046181,9.725643484039894,8.946751572432982,7.676246829220706,7.688366466724443,8.940779908369954,14.383817817303543,13.899265516228713,1.2819667393538885,1.2810167349307382,1.081582870299102,0.9035229276758616
DQ24-TB12-TH24.csv,2,THI,24.0,34.70796703337171,44.4885266635808,46.01973506181793,41.00441336554987,16.092960268157317,41.74462937283271,15.433350683875044,15.31288480065146,76.40253512764673,68.61694387413509,15.740847535829868,16.10825315439942,15.428485234477346,50.935023418431136,45.020575987537434,3.7485677208022143,2.770376912419119
DQ24-TB3-TH12.csv,2,DQ,24.0,26.382096849007148,12.249188851861792,12.653856957593584,38.28165309222071,10.19791593593079,33.52877748319437,9.156690339947076,8.1020470778635,5.692010396442206,4.57800528696883,8.330290063519158,15.56801572274456,14.791355632750419,1.6010357577255343,1.3427242958794825,1.0808504656943454,0.4734506652263363
DQ24-TB3-TH12.csv,2,TBZ,3.0,25.168701805470995,8.102658428678977,8.270099950988921,26.827863382046758,10.004594305716523,23.39963029449311,9.37874367842979,8.591689128352131,7.550162825273795,7.593684575271218,8.73864005640858,15.506404074246651,15.519047784316552,1.2609101601400445,1.2652410707540342,1.0610007439668696,0.8712955559354333
DQ24-TB3-TH12.csv,2,THI,12.0,48.449201345421855,50.727809538352425,43.242653851731184,55.08642172488632,26.119066224809817,46.4303299586147,26.69443002288418,24.481993194606424,90.97599485322414,63.32805739110107,24.706526174755442,23.610653801139765,23.124030556606264,60.65066323548274,41.55046055605365,6.083970066187721,4.7918066621044115
DQ24-TB3-TH24.csv,2,DQ,24.0,17.598295069730415,12.230112444795443,12.651413238002926,15.175028915503244,9.948155776714373,15.357284249361303,8.094610195742575,7.105957920861214,4.900670385979087,4.606441187451977,8.08652861338004,9.502459052690472,8.991878443010147,1.3784494367198192,1.3510645165783566,1.0543790389737329,0.4185353484329314
DQ24-TB3-TH24.csv,2,TBZ,3.0,32.65908675602281,7.21860930775744,7.314507403426062,15.658953358065611,9.722367335913933,16.246129279535833,9.29566627172737,8.506878652677692,6.62047021261153,6.591237709335906,8.446020093599314,13.908755811887296,14.02789236695783,1.1056474342569795,1.0982158363690888,1.0310701924844408,0.8635775738964382
DQ24-TB3-TH24.csv,2,THI,24.0,49.742618174146756,22.227190305863875,23.57908115674346,25.663397272053444,18.580478394279453,27.532719322995064,19.10387371057218,18.38282501071246,30.35519985980171,28.985285882899575,17.994273694667985,17.868563318851876,17.738484622956236,20.23679990653447,19.017668114237694,4.327990648412508,3.4292573109763107
DQ24-TB6-TH24.csv,2,DQ,24.0,32.62079315250429,12.245478757164292,12.602676391310409,25.44346735620122,10.836886536247446,25.55898590544365,10.435461938497356,9.31117271303272,5.52878936729193,5.213240301684468,8.959246620565327,15.049078384038767,14.384981796630596,1.5551253173219655,1.5290380798062804,1.14857329016713,0.5395701081177157
DQ24-TB6-TH24.csv,2,TBZ,6.0,22.37363945848839,6.48244527277348,6.59462593251589,14.539706728087733,9.375180948323605,14.929651701848092,8.72427635179115,7.925965854386578,5.858088808921432,5.84907144519773,8.088263574034425,11.994805679116906,11.914134501455452,0.978326410848479,0.9745579165005683,0.9942506069748086,0.8104948247547022
DQ24-TB6-TH24.csv,2,THI,24.0,45.00556738890733,22.148737021072705,22.994584896148528,24.005397685778433,15.927223256888647,25.379088559795893,16.0205214579034,15.810470378086652,30.212762362013247,28.062692538884463,15.589888554890878,15.730726119940432,15.533450416387739,20.141841574675492,18.41234118761126,3.709962243610223,2.8757775081377788
DQ24-TB6-TH6.csv,2,DQ,24.0,46.86096641185129,12.429888385747653,12.081262429258215,28.835684843929936,21.7202009487058,24.92343077882613,24.536643874040575,23.125483694595083,23.23243416834141,20.204087690829844,20.60308257958537,24.44548423211842,25.618865931497147,6.5347663218901415,5.925838376765844,2.302067349630558,1.2686778664891887
DQ24-TB6-TH6.csv,2,TBZ,6.0,30.73726028494895,9.074596829408852,9.099966969779821,17.977727736706672,10.485936954934248,16.157899604131682,9.975131500350296,9.203014740584718,8.588469302962913,8.478839123770255,9.241322427288873,12.419819178822774,11.853350504068473,1.4343118757527082,1.4127233473253817,1.112047782289171,0.926700637540174
DQ24-TB6-TH6.csv,2,THI,6.0,22.401773303099766,18.58224663873561,13.966613536018723,15.836817695508028,7.139485156211759,12.935409500344102,6.46753606625962,7.2706916758891715,23.920014446997584,14.760006013738193,7.386819017243743,8.850058226253612,8.586398694598094,15.946676297998385,9.684254861844586,1.663015576610652,1.1609606342272816
DQ3-TB12-TH12.csv,2,DQ,3.0,23.634065604085972,12.258328601776292,12.546030679066256,11.956537043632903,10.793339777943508,12.204851267534218,9.397256762535791,8.328728880948837,6.1147264199297435,6.023277212649005,8.916144071021645,9.314143559756934,8.779865739700785,1.7199363608217828,1.7666210821691726,1.1439578830302213,0.4858892569638839
DQ3-TB12-TH12.csv,2,TBZ,12.0,35.0428963981841,7.803490272888184,7.889901610093188,12.116600724685203,10.046847028320416,12.947263207125818,9.666373143030444,8.8859819608166,7.233906436087694,7.192597817901852,8.78258514491424,11.924319388461827,11.827226157302132,1.208093962190102,1.1984129804733479,1.0654817022893615,0.8980166481046348
DQ3-TB12-TH12.csv,2,THI,12.0,41.32303799762994,12.29765100101313,13.02625939392792,13.375816080508585,10.571167764874291,14.83775706260771,10.45328069952402,10.968501485384365,13.81299422823492,13.492005489008815,10.644641518592017,11.388345926869594,11.296536471572166,9.208662818823278,8.85230125457624,2.4623647603853818,1.8764251588771967
DQ3-TB6-TH12.csv,2,DQ,3.0,23.50791368020103,12.266327524577239,12.53855503945322,15.542644576985504,10.834154310502397,15.193406780305201,9.419458777793846,8.349668364714281,6.510075403335379,6.139485053487844,8.956541257081131,10.37157498282818,9.842479392471143,1.8311392250344867,1.8007047237303027,1.1482837086989681,0.48703722184017034
DQ3-TB6-TH12.csv,2,TBZ,6.0,32.04019500610251,6.714076545360074,6.786946554770367,13.878326133051676,9.451697303328636,14.138736613076697,9.022164890257926,8.228290810606422,6.096748076234581,6.046186422081861,8.166896284295783,12.333793236087425,12.284886656121795,1.0181835506123247,1.0074007297544527,1.002365269809221,0.838168996118095
DQ3-TB6-TH12.csv,2,THI,12.0,44.45189131359646,18.8689235351427,18.895162889859474,20.594593647494378,14.005108831961278,21.263248519290023,14.051070740816487,14.130513683406733,24.412138907413816,21.789013096073376,13.8308928076063,14.198355377564162,14.033299037163957,16.274759271609206,14.296088755928793,3.262240011720561,2.5222495602200605
DQ50-TB0-TH500.csv,2,DQ,50.0,18.543774531577736,12.062788677261734,13.17339673689887,60.000195208355905,7.844880457369815,63.17775671564169,6.451249137381027,5.581590665211556,1.3051220833376846,1.2601370308584083,6.084298451385505,76.62855025653217,74.70637067370373,0.3671017756620667,0.36959690987847876,0.8314583831574525,0.3335646486055058
DQ50-TB0-TH500.csv,2,TBZ,0.0,4.568212135658485,6.173916808811841,6.376265534905373,28.154274407732764,9.401610061233322,28.652300691805625,8.348262562189605,7.546047873510227,5.542021082770708,5.626332868949176,8.115409934735885,57.72413274663689,61.17671144188729,0.925541720449255,0.9374457620625651,0.9970534501089447,0.7755627320263594
DQ50-TB0-TH500.csv,2,THI,500.0,76.88801333266376,73.87588367620114,85.48574803117776,115.38843321926873,429.30957813170664,122.06748122438636,557.0848722673803,330.2704084058441,150.00000000000006,152.41240781355083,334.64442789152827,276.64282559637496,290.24195429772806,100.0,100.0,100.0,100.0
DQ50-TB250-TH0.csv,2,DQ,50.0,4.611619225995527,12.452185172050905,11.929067413977064,5.317230167986191,10.435724082070104,5.256081158282272,7.340672223459213,6.403874951166149,27.59622047198109,30.33616427307631,8.563486643272704,10.415468421724231,11.150064361862833,7.762202223196125,8.897566136325006,1.106055129776245,0.3795526569510858
DQ50-TB250-TH0.csv,2,TBZ,250.0,94.69982063457954,60.81382616204112,59.81134165480491,50.11842329767998,102.20886736018191,51.34140271629341,115.06005267101825,140.60830883065168,74.74812378222688,74.33809340955663,138.9143161000587,113.77542197426284,124.76536299936049,12.483263064594599,12.38603051930973,10.83938848446863,10.689204865308715
DQ50-TB250-TH0.csv,2,THI,0.0,0.688560139324938,2.0402989005725316,2.0801378334658955,2.489251529305066,4.287676567052618,2.5751493195137254,3.512534953463681,4.310503473912789,1.2663637651264,1.2686814696902713,4.595360482583484,7.916195638636866,8.45742207376292,0.8442425100842664,0.8324003851722327,0.9987376908085694,0.6305206133434176
DQ500-TB0-TH500.csv,2,DQ,500.0,17.84347727643835,12.085616576975697,13.106238027940309,55.36007477204499,8.134147179511539,58.39239742717879,6.63680919158973,5.752575703942639,1.5649914982555309,1.4845126039499952,6.3539733085948695,48.60065184057334,44.0079784887534,0.4401972545253421,0.4354060373273977,0.8621170072627141,0.34315911208990196
DQ500-TB0-TH500.csv,2,TBZ,0.0,15.028997853264215,5.985656196650025,5.918346366374007,28.236215947032836,9.21847239021066,28.337630860768744,8.41418431105806,7.612514432110612,5.350216886110949,5.163055013027449,7.927602316900608,43.71411275262755,43.7806546733048,0.8935095820805015,0.8602555437077154,0.9776314526480004,0.7816869346699051
DQ500-TB0-TH500.csv,2,THI,500.0,67.12752487019745,73.87588367620114,85.48574803117776,101.1564802564674,237.45751320227737,107.94123809326315,264.6171327584263,174.57900703846585,150.00000000000006,152.41240781355083,192.83079498894338,161.69792243506507,154.08966159681856,100.0,100.0,55.3114873969638,47.50032641909898
DQ6-TB12-TH24.csv,2,DQ,6.0,22.311793384704178,12.247979150922408,12.589201172436365,44.824122315233936,10.452408398957557,46.264979491102935,8.96649389722824,7.923097434376063,5.6382739212933135,5.395150591810599,8.57988717679399,16.4723428237207,15.47364363064845,1.5859208840314734,1.5823921829389496,1.107823456931606,0.4636164752531242
DQ6-TB12-TH24.csv,2,TBZ,12.0,34.02589362724108,10.011222671543317,10.061712325285582,38.31407088696159,11.032147127897995,38.37271585425949,10.585981534434792,9.833535789701948,9.603657148937826,9.520177907105753,9.817081620824752,20.253559188164296,20.137180921998244,1.603852678919961,1.5862286574531796,1.1699741091513878,0.9834492744887356
DQ6-TB12-TH24.csv,2,THI,24.0,43.662312987954735,73.87588367620114,85.48574803117776,73.97284749086708,35.78643090009096,80.51956256954732,35.772820570680935,31.45743530907273,150.00000000000006,152.41240781355083,33.12219205497922,30.6042612952458,29.270217771267088,100.0,100.0,8.335810036158138,6.421430979642773
DQ6-TB12-TH3.csv,2,DQ,6.0,43.77111160431371,12.271395691395897,12.507037722002428,14.374735608727734,12.644299261636572,15.221340051681945,13.797477097344682,12.53317779412253,6.773554356519464,6.655419659192888,10.77721628473668,15.801370926458128,15.377798615624018,1.905249986624009,1.9520278189956317,1.3401362426578163,0.7134045673341768
DQ6-TB12-TH3.csv,2,TBZ,12.0,31.357529732545924,11.294263864212093,11.396280390205527,9.722113320932827,11.39910380231318,10.604676149124987,10.861535177907179,10.11934976692356,11.015463288306925,10.990396072375477,10.206964374779073,10.708876287317453,10.523892989183516,1.8396304689458383,1.831192796696672,1.2088903602916918,1.0090485096540476
DQ6-TB12-TH3.csv,2,THI,3.0,24.871358663040358,3.1341419462532634,3.223787263545233,3.4995362790223257,4.719991094616569,3.9244687596782537,4.324943077280689,5.151245541806089,2.241513990189958,2.231282251452807,5.025218848355627,6.269927363651819,6.282861272579037,1.4943426601266383,1.4639767742416216,1.0994376401191164,0.7763526336082008
DQ6-TB12-TH6.csv,2,DQ,6.0,35.19629702364243,12.268753439945687,12.5231060338229,10.241024533271714,11.767767095190214,10.831135871595535,11.66387697008906,10.481691602822922,6.634901215672275,6.387021502792912,9.88865215875713,11.4311346112606,10.896285746193293,1.8662499460485285,1.8733069126233008,1.247234888474105,0.6030858427651848
DQ6-TB12-TH6.csv,2,TBZ,12.0,36.97098186782085,10.06601979675251,10.139617857808686,9.057237903215714,11.219898045825525,9.941828986589218,10.849930154258539,10.107295656548867,9.663468050214956,9.605220211114768,10.016259340916076,10.902057697942404,10.726725822661859,1.613841360601767,1.6003981972486765,1.1898853476798457,1.0079703902514627
DQ6-TB12-TH6.csv,2,THI,6.0,27.832721108436726,3.181684185352571,3.3179996922695496,3.6463039361138114,4.823144148355693,4.130762432348456,4.480493555356021,5.309506213839168,2.2868562449712884,2.315665400770007,5.127374503401095,6.34087098678252,6.358032634018845,1.5245708299808585,1.5193417871875674,1.1234653019728376,0.8042748562027991
DQ6-TB3-TH12.csv,2,DQ,6.0,29.538223624962207,12.265443502245889,12.534982696881146,13.968088678695956,11.25565951731885,12.82347463212419,10.470493969939104,9.344436199960494,6.465168035504423,6.195830617115058,9.375480706612667,10.9413686079448,10.410950486704984,1.818507782595865,1.8172308202515621,1.192957944292044,0.5413814545731012
DQ6-TB3-TH12.csv,2,TBZ,3.0,27.98406183704467,7.144453589960518,7.240504508481131,11.047700643161573,9.648169137739028,10.865859840106332,9.111895428811032,8.319584554207722,6.543169682243823,6.514407814665149,8.369355570857577,10.67952573401784,10.536204285005237,1.092737908147346,1.0854146280445152,1.0232013733140728,0.8465050613901233
DQ6-TB3-TH12.csv,2,THI,12.0,42.47771453789312,11.452430145057528,9.856364949075122,12.741994454594913,9.3060766137352,11.863592753208584,9.251640613035455,9.879364343677066,12.564694710721904,9.419200111271216,9.453684675855568,10.347318583995815,10.339552098259219,8.376463140481267,6.180074343287007,2.1676843675917747,1.6607237197772993
DQ6-TB6-TH24.csv,2,DQ,6.0,15.00500441530774,12.317627660674473,12.40717669197992,29.141201622911314,10.841310359150315,30.356396336404334,8.568539664310249,7.549467142791076,9.720015189731773,8.605875266045885,8.963627235972101,19.67252998703322,19.160987082457066,2.7340237983618243,2.524094465316591,1.1490421595983702,0.4430400781806261
DQ6-TB6-TH24.csv,2,TBZ,6.0,25.38959516165446,7.042250039783085,7.254537610163259,31.61421136952223,9.63313316796292,32.285135905157965,9.035772392227438,8.242128683094824,6.436812600636508,6.528967803978769,8.353833445762541,24.717452448365755,25.083624012772383,1.0749758111032146,1.0878405776986952,1.0216067884032587,0.8394331479490792
DQ6-TB6-TH24.csv,2,THI,24.0,59.60540042293779,73.87588367620114,85.48574803117776,91.84180630118244,70.43449316479563,98.4906925481139,75.80322012893772,59.8446712860516,150.00000000000006,152.41240781355083,62.20985538133682,55.44601008861794,54.02238150943409,100.0,100.0,16.40645742667014,13.607122343928046
DQ0-TB500-TH500.csv,3,DQ,0.0,8.567261233783514,13.123172850764451,13.956243839357768,29.452447870080956,7.1681953627955295,25.91309297105892,4.554860718709039,5.051935417070053,1.9537279734185813,1.6068327109472624,6.377965006056945,19.024798300230206,18.746327196137003,0.5495401674366128,0.4712824003380127,0.9375817576302062,0.33633097481978586
DQ0-TB500-TH500.csv,3,TBZ,500.0,17.024735614845724,9.381690233505587,7.674242880289661,17.194429023393766,9.217717914293685,13.916882526075215,8.448424892840084,7.414123621221989,9.055210972036555,6.971872749953182,7.756865722384863,16.954430349664246,17.501899676630835,1.5464427361378177,1.1839350505297455,1.0291623201589066,0.8272240911474009
DQ0-TB500-TH500.csv,3,THI,500.0,74.40800315127076,53.442893614536395,47.476595970692955,104.2576967909401,95.4914922267161,83.59456037907306,107.00265214107421,87.43898961938757,130.22922419737668,92.24432560968185,86.25942942042917,70.21802622181022,71.87139756311119,100.0,67.59501835661533,22.99338866676375,20.423397028317655
DQ12-TB3-TH12.csv,3,DQ,12.0,29.976874984228925,11.947865502591135,12.21395514621942,12.489387073731674,8.076737259444037,11.511491541390331,6.524658876068498,7.48033719930533,4.285163701444387,4.094507173467968,7.402552027531346,8.6227335628595,8.20877091150583,1.2053211143128364,1.200914790797117,1.0564167314594048,0.48178089642588384
DQ12-TB3-TH12.csv,3,TBZ,3.0,25.450140616535666,7.145110898164998,7.189489954254964,9.065427254941191,9.156433492249311,9.017340280573057,8.580467400290326,7.549284829696299,6.424420242994738,6.422299529979733,7.692245036423711,8.932165784396487,8.883604991137126,1.0971580948645245,1.0906087634193804,1.0223198870786991,0.840152979621147
DQ12-TB3-TH12.csv,3,THI,12.0,44.57298439913541,9.824400342271684,9.00428728976057,11.60929646668416,9.270212985105372,10.826106897563307,9.047118583036102,9.893940876191307,9.911181695913381,8.267995897229579,9.397234273631238,9.303882112491175,9.459822386872528,7.610566489202069,6.058641881241036,2.2321738326608016,1.7268066826980055
DQ12-TB3-TH24.csv,3,DQ,12.0,24.754607894929357,12.708113994449949,13.149511779493919,10.346388646874782,7.037608361936381,9.715468551363779,5.361872931119435,6.037069535768012,2.5568397885285163,2.4398357066559293,6.233242824542528,7.0944813270811204,6.71082074165736,0.7191820891206119,0.7156013320050819,0.9205013094012634,0.3959207670996228
DQ12-TB3-TH24.csv,3,TBZ,3.0,19.58034764962389,6.58784248150058,6.627314542377761,7.802117886682371,8.928997360411135,7.850679017468119,8.239041842284006,7.2005103679318685,5.799447502225237,5.796877301158002,7.453391749690484,8.300743688693105,8.329573486882275,0.9904256776705195,0.9844021063791392,0.9969265414255867,0.8067224348156139
DQ12-TB3-TH24.csv,3,THI,24.0,55.66504445534676,7.9788207627369525,7.566446292735094,11.05983795734195,9.836733982145716,10.619395741293843,10.106057042945672,10.908641421343736,7.22281029826812,6.423618106196514,9.942322356446283,9.542839466678506,9.979348478120288,5.546228461993414,4.707114296021981,2.3685863775805545,1.9289242953229224
DQ12-TB3-TH6.csv,3,DQ,12.0,37.49683892817654,12.518825822857819,12.917255856490497,8.97530075998566,7.067461364276796,8.926340377298954,6.21161645100041,7.08925538336092,2.8990862602852556,2.7647070800266818,6.266268870002329,7.5611056405654065,7.081605115842457,0.8154483994527991,0.8108857754945449,0.9244060063282106,0.4586658396798807
DQ12-TB3-TH6.csv,3,TBZ,3.0,38.427802753289214,7.296939778663715,7.3855413896892745,7.58682904871602,9.381341925875141,7.94536179303338,9.09674787004293,8.081016314700975,6.596950415397892,6.6434493203410945,7.929931059759943,8.823951295747406,8.841397740256815,1.126622679698759,1.1281635206010687,1.0474310140979728,0.8907043720742179
DQ12-TB3-TH6.csv,3,THI,6.0,24.075358318434226,2.662713648788861,2.6693983016603045,2.6323935939654457,4.19066546177801,2.826309531353607,3.7194200899496574,4.517183376323764,1.3612300356360363,1.416813053512763,4.4181231994326025,5.126548011064586,5.187379151177327,1.0452569644221659,1.038215670471936,1.0090699965843275,0.709918788853865
DQ12-TB6-TH24.csv,3,DQ,12.0,30.981239143937696,12.122037364160866,12.50039980935166,15.952246865850064,7.6940602580515876,14.67071530088516,6.28591213310281,7.181911533120215,3.796239682912564,3.4800188365403173,6.967306121738806,9.81312148673225,9.42631212242225,1.0677976767292385,1.0206859863708908,1.0063635510686482,0.4641518338144025
DQ12-TB6-TH24.csv,3,TBZ,6.0,19.973071627599833,6.586175111256632,6.628733609484381,8.961619860693206,8.92892656733526,8.828471406909621,8.247498461536392,7.2091206499055,5.797597580310485,5.798439291883179,7.453317641229558,8.85401695497807,8.845956867719782,0.9901097492712446,0.984667357285813,0.9969186373470615,0.8075504612541472
DQ12-TB6-TH24.csv,3,THI,24.0,49.04568922836246,13.05831323442057,12.009196188938159,16.358412436051307,12.33317505189203,14.989598836245039,12.288298007729242,12.961802057304057,15.277484249361207,12.555877748537968,12.32697176469875,11.595179479491442,11.835433895793168,11.731225724117424,9.200726237482101,2.9697042202472637,2.3454445660211998
DQ150-TB0-TH50.csv,3,DQ,150.0,46.71418829942331,11.253764612107823,11.615224210200262,28.563955016641454,9.8191250177416,26.66590948706107,9.569713268049233,11.365488955932973,7.072109525216657,5.825340900546096,9.44693933492469,19.080906074457385,19.57132060493434,1.9892269064547876,1.7085665630855273,1.2843166273490842,0.7066277524071177
DQ150-TB0-TH50.csv,3,TBZ,0.0,5.3669317739995925,6.056260643430497,6.0699392698776755,8.788747317628822,8.89603344842967,8.47595367409978,7.907169795838781,6.863771660744212,5.215969232674395,5.190191364421916,7.418900234603012,8.261653175060802,8.162975882696644,0.8907796578894663,0.8813771701924958,0.993246105936912,0.7742273182134007
DQ150-TB0-TH50.csv,3,THI,50.0,47.91887992647709,18.586906611714163,16.866078323746287,23.223298582487207,15.232086059490905,20.61550284072917,15.097665273398647,15.54305691981113,26.133740211052533,20.551522295534166,15.066373936520636,14.062824969109496,14.218795617139262,20.06749281669987,15.059793842508341,3.66773276660013,2.881663266371531
DQ24-TB12-TH12.csv,3,DQ,24.0,36.20428900076734,10.664479771251232,10.818681809460935,21.264330909459225,11.116750686373399,20.583972088055706,9.629967761232537,11.443666255412683,11.093755655409423,9.588363158866693,11.030261623653844,16.35445975359283,16.624414793204462,3.1204263967757666,2.8122571653145645,1.4540427708993067,0.7110769449688953
DQ24-TB12-TH12.csv,3,TBZ,12.0,16.18638664646858,9.90092634357454,10.171503024008084,13.645537225891896,9.748309809360233,13.477491977684494,8.915038485122656,7.893285965593889,9.691348421973268,9.938252370712013,8.32085387753125,10.174448978877317,10.034977023029734,1.6550818547268586,1.687673562713161,1.0884031421130511,0.8729123714705295
DQ24-TB12-TH12.csv,3,THI,12.0,47.60932435266408,21.399744695105326,20.74615094564542,27.169299699649393,17.427135062509024,25.595894882935298,17.24859693379413,17.480652002922564,32.37941778894529,27.752820755906168,17.123211955130536,15.966549154626904,15.94257629524237,24.863403731769708,20.336778615317176,4.196278437969031,3.2922075884236444
DQ24-TB12-TH3.csv,3,DQ,24.0,52.931613984629436,8.94614009255648,8.721088400898715,18.383059971262824,29.419650041432384,18.931098964150625,30.74256576633275,40.65623035861503,48.285240257207484,43.48469943324895,37.173280259019506,33.69831385539838,38.74079027883348,13.581562723511198,12.75401812973871,3.8480155462663763,2.27003145676485
DQ24-TB12-TH3.csv,3,TBZ,12.0,35.701879697204696,12.028451963945868,12.26139627145881,15.559796349957097,11.742090241088908,15.798006149130218,11.30447037322537,10.408613082837293,12.385877603109204,12.572813053518013,10.507949115588001,13.30103262345791,12.779083438388591,2.1152517052523723,2.13506393356331,1.3110096173907815,1.1068726240697473
DQ24-TB12-TH3.csv,3,THI,3.0,11.366506318065849,5.584915319429991,5.754271003234557,5.830379166726498,4.733938005407141,6.1225369736610435,3.9614355038869644,4.7754672889880965,4.198752161384201,4.317916653203709,4.960900153254785,7.337799594782656,7.060191036495806,3.2241243755092417,3.1640933304737118,1.1398845482931668,0.7561118203994533
DQ24-TB12-TH6.csv,3,DQ,24.0,60.04706241163975,9.202301094088114,8.970498172864682,30.617757724941306,31.313304124099936,25.762826064109635,35.438962774158256,47.48500581466511,38.12242162258726,35.680965645879674,40.18385292611546,43.25620715050439,51.96365567670672,10.722988177780117,10.465190944522819,4.0957006934076015,2.616813473017228
DQ24-TB12-TH6.csv,3,TBZ,12.0,25.73609921448296,9.210237868717725,9.28766497561307,13.540274299056785,9.950603097982281,12.683357418933024,9.3317033358075,8.324673992640985,8.847138759275468,8.864035837858491,8.53796588046419,11.143434848235284,10.788203727372881,1.5109083059616275,1.5052544838347688,1.1109892780966661,0.9137099410521617
DQ24-TB12-TH6.csv,3,THI,6.0,14.216838373777293,16.44964289853472,10.281682619271086,13.618549447442609,5.51409761686778,9.425261335970925,4.675602141008408,5.527262506875797,21.703454221272114,10.022805671095858,5.735052616740523,8.131065636079885,7.8937522375687275,16.665578985848942,7.344535599828853,1.3277391178482874,0.892423477002877
DQ24-TB24-TH24.csv,3,DQ,24.0,26.080742472887742,10.82337258643561,10.98400903440876,16.032496958543714,9.737955304216594,15.094226015106388,7.5303812615135,8.748157134529812,9.801953086149465,8.620701196824692,9.349548872190603,10.267239681108185,9.899385039827225,2.757071103784796,2.528442895739421,1.2736998348620787,0.5560434504718104
DQ24-TB24-TH24.csv,3,TBZ,24.0,37.00950416120573,16.191693789088138,16.135248780732137,20.96194007921987,13.476674690511143,20.084995136819856,13.019145511662147,12.269877761415884,18.01425776036465,17.76129623389582,12.48989900065679,13.99175419651146,13.811719849668833,3.0764626187571684,3.016151026894809,1.504676745532198,1.27476434365034
DQ24-TB24-TH24.csv,3,THI,24.0,36.90975336580652,20.388563508917883,19.0366271418625,22.17545859663898,12.057186270084262,20.450386130451786,11.3567205689205,12.091080468146412,30.081638694886095,24.49753609265402,12.064611439345466,12.121949903351592,11.977997497452547,23.098992472913814,17.9513633053326,2.9032489038646676,2.167636114410766
DQ250-TB0-TH50.csv,3,DQ,250.0,16.985961861717914,12.680699806964787,13.85445869984568,30.63771851845723,6.787222859421209,30.46048382081707,4.739725746730471,5.276279822562605,2.6034812443754207,1.6914921011620219,5.957624221391769,25.31683078979228,25.408663183366297,0.7323012918982361,0.49611291340868785,0.887751521253505,0.349981410897699
DQ250-TB0-TH50.csv,3,TBZ,0.0,3.827701633501537,5.897091235782108,6.038724690949753,11.178730125982959,8.911127199844485,10.789140824523898,7.888557399908326,6.844954375763062,5.043788660074705,5.1566273027020175,7.434689432734162,15.1424565724243,15.611658885222045,0.861374777470545,0.8756774578578727,0.9949313300206177,0.7724048930272935
DQ250-TB0-TH50.csv,3,THI,50.0,79.18633650468053,45.53904021141311,43.14199265906655,94.6659082243885,104.62499058593103,81.25933149459173,119.86055799915044,96.64380510957061,102.0968580229877,80.28146205867792,94.08412021968807,76.15981376910122,78.92932338251427,78.39780867330417,58.82884248635754,25.192642995747022,22.877561584407378
DQ3-TB6-TH24.csv,3,DQ,3.0,13.888442408087872,11.976221666043811,12.317685527566457,10.776298092510341,7.777957911761756,10.75210417412608,5.246177293464561,5.89494528247321,4.200969542745748,3.8586774942783837,7.062278297984436,9.773259301862442,9.755631577841264,1.181639172559463,1.131746185675872,1.0173371512072404,0.38737779970766073
DQ3-TB6-TH24.csv,3,TBZ,6.0,14.681523824990666,6.303074124916816,6.340036397767178,8.970379844492863,8.863016226969771,9.08163796042695,8.073373099995578,7.032126825745462,5.4852881515221545,5.4824642304537585,7.384385476750034,10.623880685663742,10.90449656237214,0.9367737586390527,0.9310097585692998,0.9895597184211715,0.7905010472185932
DQ3-TB6-TH24.csv,3,THI,24.0,71.43003376682147,15.921857246700789,16.72720346385027,28.27311588091559,28.573077629941768,28.52109960765642,31.578906105717042,29.800375124377464,20.65341835277851,20.306469044617575,27.396915579187013,23.36249406266876,24.71310466395981,15.859280802806586,14.880223133041126,6.880109044594594,6.027407024142842
DQ3-TB6-TH6.csv,3,DQ,3.0,15.663934201289266,11.053355520175401,11.191692113470674,6.545600583661957,8.660940362795317,6.415958428378263,5.959205816644604,6.7752363356095495,8.22002538817347,7.5592678562379625,8.07688830535727,6.213417744229063,5.866168062871908,2.312110073464281,2.2171255761812385,1.132829014430373,0.4400278351501112
DQ3-TB6-TH6.csv,3,TBZ,6.0,30.77150610488046,7.2657363007332245,7.317978290258175,9.259056380224086,9.262105695931623,9.43540773993993,8.801930498144966,7.776747593575402,6.561415472144389,6.5670634328491655,7.803738186404332,9.716208667315971,9.700148137116994,1.1205540463954435,1.115191980125359,1.034118235794638,0.8618374488765642
DQ3-TB6-TH6.csv,3,THI,6.0,53.564559693730274,8.17676944562431,8.16184452082587,11.625821286597416,10.099142484426233,11.660868455576747,10.275204257638904,11.069528042214671,7.4970568353852025,7.16979231519143,10.194272263169424,9.964837628914673,10.256613551425698,5.75681601544565,5.253897624111599,2.43177169955745,1.961209109323228
DQ33-TB333-TH333.csv,3,DQ,33.0,2.119760410907904,13.735797027356405,14.409646530006974,26.823701790900312,7.488769514579003,28.136827850232045,4.426687686853407,4.896879822872434,1.3335025499583497,1.284028099378753,6.736004604958406,50.66392732918717,52.405258322320186,0.37508456886093744,0.3766041359837217,0.9795120429346437,0.32686667647745804
DQ33-TB333-TH333.csv,3,TBZ,333.0,1.6125934537595223,6.3723816923091325,6.416489999170429,12.256309995272629,8.948382324625046,12.350158731310026,7.875480787548049,6.831738191062602,5.561415282612633,5.565786865957768,7.473690165920362,25.55232912786038,26.760964866938167,0.9497746980165485,0.9451592693555334,0.99909088133402,0.7711245018405074
DQ33-TB333-TH333.csv,3,THI,333.0,96.26764613523255,53.442893614536395,62.18893161747273,145.9205973218908,415.2997786043872,150.47180178392802,523.9219116815474,354.98142313351093,130.22922419737668,136.46615956670448,348.8561277529092,279.9257953703558,292.5202066630255,100.0,100.0,100.0,100.0
DQ333-TB333-TH33.csv,3,DQ,333.0,55.668618483424396,11.470005897405496,11.686653296469425,29.72593226545084,10.057881881618282,19.197528197862116,10.837704341286866,13.019830248146636,6.030542319049317,5.58013286205655,9.734564564464934,16.14827238805676,16.50173488704321,1.696257248108675,1.6366472947172583,1.3155454190811884,0.8002562297770406
DQ333-TB333-TH33.csv,3,TBZ,333.0,32.150518093334625,7.7405511731696155,7.65805401120061,10.648301459546758,9.44808497307326,9.106398649998416,9.01132255924037,7.992682629158435,7.106364627126961,6.953370737248475,8.000746560722378,8.933201679981378,8.900532081902034,1.2136200903440262,1.1807931140469552,1.0548829051134678,0.8823399874716488
DQ333-TB333-TH33.csv,3,THI,33.0,12.180863423140975,12.610361204637718,5.83136040299449,9.088710049810933,4.789804250662407,4.714920015980123,4.023330992504706,4.84122044850834,14.487688820266806,4.402094909398536,5.016534682578494,5.9573437221755645,5.879161280729505,11.124760137025099,3.225777675121573,1.1533365769561736,0.7679256970932311
DQ50-TB500-TH0.csv,3,DQ,50.0,20.875769776207783,7.508097577880055,7.010037016915368,12.819798659090765,17.910482274437182,13.61503675489572,13.065025225433821,15.968243382791597,209.35875730851978,201.22118287029846,20.006199603456274,38.008882134184205,45.57993508677724,58.88795580089478,59.01796833975515,2.3426456173374346,0.9647216328846753
DQ50-TB500-TH0.csv,3,TBZ,500.0,78.60894198881851,160.26614615678864,162.6130851090335,162.58803356024055,209.6833876196532,156.36088560801124,226.00702197712957,341.0424567952462,323.86224286373084,325.1574634083266,390.3031814907718,194.2611228563599,197.12385774718132,55.30897231798881,55.21691684247193,23.41124383582933,22.129385739868056
DQ50-TB500-TH0.csv,3,THI,0.0,0.5152882348737018,2.462561417497666,2.4712860936962553,4.892447090243614,4.151406452711726,4.897987698443806,3.303691256878185,4.0687742498632975,1.208714760828088,1.2668462511428618,4.378770164749676,11.6733708443878,12.275994559378152,0.9281440231849558,0.9283226370297533,0.9996168229760455,0.6305694003663374
DQ500-TB50-TH0.csv,3,DQ,500.0,37.2391579195947,10.721772666545915,10.753585519340518,10.676926971520174,11.414888024771436,10.855741495014378,10.0036395902469,11.929484388399572,10.607183861301145,10.002996522580451,11.400780205017593,12.960029753932572,13.39668908420251,2.9835645875361094,2.9338687093041353,1.493038377966775,0.7386688776922987
DQ500-TB50-TH0.csv,3,TBZ,50.0,60.52599154271885,20.256647338419906,20.603430525797087,20.720073613482885,21.0470756432507,21.2546682621846,21.630995374292382,22.166587018084297,23.89007884941963,24.15837207462353,21.845432898685353,21.28309947905402,21.439375710463832,4.079931325347762,4.102476406081546,2.3499153915286293,2.117990124322142
DQ500-TB50-TH0.csv,3,THI,0.0,2.2348505375864494,2.2128544823123923,2.203774137932526,2.1951711430862813,4.130727482209678,2.3353971029872507,3.313518653430078,4.079448046257395,1.0273360825432098,1.072844431196203,4.358034280778358,6.175093519790356,6.10196524143938,0.7888675440361752,0.7861615176997768,0.9946375353463868,0.6324451372524605
DQ6-TB3-TH6.csv,3,DQ,6.0,27.016117354897972,11.18190146783784,11.279393361869229,7.17734847806851,9.341046269421595,7.055563663510398,7.2996094954823265,8.4557827856738,7.461709103571774,7.156494285844172,8.876247274992682,7.229799025551521,6.829516226842208,2.098812591071811,2.098992497513706,1.2217851406290137,0.5390032602610884
DQ6-TB3-TH6.csv,3,TBZ,3.0,32.46875481507988,7.75232906780918,7.853029542147306,8.776024790492746,9.55068747127363,9.061284027330215,9.116816214296506,8.101787802146216,7.119995431769972,7.17687265332594,8.109857424495784,9.132573453191524,8.989527374991695,1.2159479498376362,1.2187472996431346,1.0663385198419517,0.8926693558488935
DQ6-TB3-TH6.csv,3,THI,6.0,40.515127829922136,4.447252887678165,4.318536045288398,5.612294460726367,5.594566147648354,5.693653062918261,5.358276599792308,6.233276610180957,2.9695316747790055,2.847236071745899,5.814579934980723,6.47957611396438,6.59105567420294,2.2802344812239337,2.0864044835629554,1.3471151288471344,1.022724280149825
DQ0-TB50-TH500.csv,4,DQ,0.0,19.79285760026531,16.64049261687865,17.562093787689907,53.89222446562588,8.9158600199542,55.71220159346084,6.8793404750105465,8.266481214698647,1.520065759757548,1.5852488499418118,9.2046235029177,88.31343553323273,88.76156931890148,0.3883159628956856,0.3955146912218168,0.8322752329409514,0.33860161595975496
DQ0-TB50-TH500.csv,4,TBZ,50.0,9.957948974975201,6.109611648448555,5.948258464520142,18.77532177837969,9.869147686564897,18.400491094195022,9.057290505787535,7.757150405686438,5.828734243670873,5.618622659460235,8.263468089383629,46.711972090340055,50.04625463309281,0.9303919731085901,0.8919891246155845,0.9886824617075065,0.7800403854816836
DQ0-TB50-TH500.csv,4,THI,500.0,70.24919342465948,69.94953882449884,78.95435644858617,95.82064942097075,449.0590611653055,99.57595552581962,581.3468681798628,323.1636548479791,136.63206103118654,142.59626820170166,316.31257474708735,250.6338292634165,266.75725501040785,100.0,100.0,100.0,100.0
DQ0-TB500-TH50.csv,4,DQ,0.0,6.853803062973481,13.82854007527606,13.058616676883284,8.037960504053801,12.750856714911794,7.626420959267575,8.509708972552367,9.850361982724069,45.79681282531702,50.88629613182198,12.577296927325735,13.987348892224958,15.046010878037377,11.699252716969935,12.695973696961367,1.1902634427693068,0.4188484666401165
DQ0-TB500-TH50.csv,4,TBZ,500.0,88.74170132348723,119.52919958417466,118.57804479721925,94.481723307703,122.41356474370905,88.5060123632515,138.23467340296182,240.32646361677138,106.60596637310832,106.16567897796968,238.44128097548753,167.11992198555123,182.60534203597393,17.0166165161372,16.85442087774511,12.263282340172085,11.90517493717126
DQ0-TB500-TH50.csv,4,THI,50.0,4.4044956134392885,9.875297013286737,6.938967815318403,6.610103653635892,4.740890022358774,4.834058559771239,3.9419737538393043,4.874022845024294,8.397009396096841,4.885790260673216,5.2215192286460725,7.143433656598575,7.183768250140374,6.145709383817468,3.426310044637558,1.0557386393799055,0.6780760282034749
DQ12-TB12-TH12.csv,4,DQ,12.0,21.932944067750924,14.882687987358947,14.773937438643312,12.962352959186342,13.624849156897232,13.272580189463676,10.7680400939308,11.959295817927472,11.853918322152232,11.99755268093537,13.326359415272407,9.930075495921828,9.541544107329907,3.0282016931211895,2.993352333415546,1.271848647294063,0.530003681278591
DQ12-TB12-TH12.csv,4,TBZ,12.0,58.09990068686861,21.590661825368603,21.51273401652981,26.08427861458525,19.45141891744627,26.58843352990306,20.263188187790668,21.39238904055886,20.017416311312385,19.858352880251964,20.447391389449088,22.9054806345642,22.964169352899656,3.1952123188050496,3.1526293676509325,1.9486258945323847,1.7451251138507877
DQ12-TB12-TH12.csv,4,THI,12.0,19.96715524528047,15.456414730689016,16.47537007302185,11.357150292978226,7.296667084869039,12.781209884572869,6.520496432145098,7.438142852103634,15.897719775078201,16.216138222670782,7.703154610681852,8.877634687948108,8.737143633256524,11.63542411282921,11.37206353796941,1.624879156415246,1.1216189144632536
DQ12-TB12-TH24.csv,4,DQ,12.0,23.94520595595907,15.448599828517008,15.758867278889658,21.344413022905417,11.623536276058882,18.89302664203691,9.395982044159371,10.688488830875698,5.965952255491051,5.635698793922628,11.60133111717003,9.529662338013933,8.758831538656215,1.524062021533994,1.4060894403924604,1.0850306465224426,0.4624708887775071
DQ12-TB12-TH24.csv,4,TBZ,12.0,49.91993558044272,8.939154247291311,9.089114579170666,17.925817516407765,11.606884359309861,17.10361535583723,11.833697917910234,10.864021982589998,8.454992429093931,8.520519383615918,10.26161416392634,14.664319316755586,14.604314145614632,1.3495995459502517,1.352682158404959,1.1627673802813516,1.0191527233958229
DQ12-TB12-TH24.csv,4,THI,24.0,26.134858463498205,26.782387001553122,22.450407977564762,19.5744352612592,9.483600409984275,18.096962429712036,8.720370077699805,9.495262110814904,34.7933420312164,24.911192807959214,9.757425417009353,10.705942147913191,10.513467885782031,25.46499099012694,17.46973684663505,2.111882652000027,1.5000287358565096
DQ12-TB12-TH3.csv,4,DQ,12.0,40.63628451333674,15.431962488601949,15.613547195320107,12.87870919332642,12.858328586941603,13.644392819906097,12.533361249225745,13.553366853508154,6.085400374794819,6.281331354613204,12.66975093123658,13.880584272118185,13.29945107889796,1.5545762352551946,1.5671727699237559,1.2002956973278154,0.6168929111462105
DQ12-TB12-TH3.csv,4,TBZ,12.0,50.25964309219471,10.578983075534621,10.691735482276869,10.713231000607632,12.5884818801128,11.845351371314187,12.845959479577143,12.047497570196931,9.96790372167222,9.993794800414591,11.436558394897672,13.670827172944843,13.712273185359491,1.591092889752746,1.5865732254861848,1.2611029492783161,1.1063316538128605
DQ12-TB12-TH3.csv,4,THI,3.0,9.10407239436856,2.9643408301333287,3.018876847701246,2.528302290999414,4.522107420639852,2.8412444211209444,3.8427958642006717,4.770816894724246,1.511765441072363,1.5398250032828042,5.003722641569519,5.934603158470678,5.815135046698291,1.1064500013121368,1.079849439751628,1.0070184106529354,0.6610160086063713
DQ12-TB24-TH12.csv,4,DQ,12.0,6.617472230794953,14.280635203914686,13.979957118811933,9.576240513453582,12.02242677755888,9.13584675185236,8.002333423212374,9.36369159786261,25.3396211951198,22.906518576215937,11.947988409559022,9.364774141763377,9.540170474281947,6.47325902884907,5.715105626458211,1.122266166630524,0.39387540686366646
DQ12-TB24-TH12.csv,4,TBZ,24.0,78.18961113189083,71.80259912265724,70.86888497945628,69.28314288303031,61.19587211350258,63.526601772053304,67.2118724680387,96.88911265061404,64.78301348385146,64.037810622738,94.47397435406988,76.084049815362,80.99271346462464,10.34076923383649,10.166376014502118,6.1305481900813,5.788483308050417
DQ12-TB24-TH12.csv,4,THI,12.0,15.19291663721421,22.322618500899075,20.164873670121256,14.437387638567424,6.779763016882129,13.653496249836719,5.926085026367585,6.864318666621779,26.840295748117793,21.463636787011893,7.2092944150529155,8.910429959789772,8.904403335672123,19.644214941609818,15.052032607649798,1.5097708972375896,1.0193716266024702
DQ12-TB24-TH24.csv,4,DQ,12.0,12.897851783301167,14.966510961095327,14.967819365778736,11.329982489343795,12.0993019361657,10.924518932608617,8.641076504576628,9.975526941207171,10.690226105289101,10.299161629202274,12.01462728054651,7.716913941211405,7.380734209263396,2.730924907031687,2.56960901234342,1.1294422876545946,0.4253143856900078
DQ12-TB24-TH24.csv,4,TBZ,24.0,67.24180985508117,25.09995805895123,25.409085387041284,31.63324828440082,24.114645656161322,31.096523825975442,25.73290273474556,28.90683455890539,23.191749591430835,23.38528994685267,27.243386078183967,29.751835599671153,30.456565029278682,3.7019045233776953,3.7125512021087825,2.415783813124421,2.2161929504135154
DQ12-TB24-TH24.csv,4,THI,24.0,19.860338361517655,19.379315241723024,18.32457061496153,13.59957426305413,7.494214197363237,13.85362131417945,6.69371755774255,7.603759239800983,21.942900561878528,18.79498303718057,7.890975445064117,9.116256842933412,9.003717378292697,16.05984744449549,13.180557439690615,1.6688704995542898,1.1514154327002555
DQ12-TB24-TH6.csv,4,DQ,12.0,17.769225826821412,13.400067549739576,12.489154290262167,10.816557101222289,18.462598598641176,10.734124474824052,13.925861829606863,14.782878397445842,81.71789017011862,85.76407987063348,17.372441847465165,17.75847762863913,19.75078842197028,20.87565028257385,21.39787300221157,1.7234415429346657,0.6854318864236655
DQ12-TB24-TH6.csv,4,TBZ,24.0,75.13022192851638,127.58738773337612,127.7953317334207,99.00226234648362,88.07321489961218,93.18495177478948,95.9555496243045,151.72856841029346,113.62488381384856,114.26493518269656,153.6216398780748,106.05009578043266,111.47865360127636,18.136987453252335,18.140225048973385,8.82309655128396,8.26397296964487
DQ12-TB24-TH6.csv,4,THI,6.0,7.100552244562225,6.268482584735315,5.8493738933718324,5.093557680121508,4.819156598641889,4.380794677697526,4.057398428220254,4.993613841844839,4.39423649677248,3.854892224987031,5.29919120592743,7.101292963041913,7.099549920486128,3.216109355014038,2.703361226490378,1.0731676555275844,0.6979307278154867
DQ12-TB3-TH3.csv,4,DQ,12.0,40.08844995336909,15.845633032313618,16.241175601177243,12.341316287618161,10.660684290061834,13.15200317430112,10.327623006447055,11.554663727756871,3.7405079082429658,3.9597566927325984,10.758181993969703,12.055555053690489,11.208392734601942,0.9555500614262695,0.9879470631359506,0.9951506058825194,0.5083263216450636
DQ12-TB3-TH3.csv,4,TBZ,3.0,35.009396621087355,7.8945797262243875,7.967934259780655,7.833851313550832,10.604617414014546,8.786460883109212,10.395694070733011,9.227979018065179,7.4880413579888305,7.487098586595761,9.095870637317084,9.861849396271534,9.837460247177201,1.195253254399592,1.188620578198734,1.0623611666716797,0.8953076204304816
DQ12-TB3-TH3.csv,4,THI,3.0,24.90215342544356,2.847100881241669,2.932731462975081,3.1789689139480846,4.531769480506171,3.6481643712620953,4.143335036267715,5.0822984546226335,1.4272962138340657,1.479203250515538,5.013362656273073,6.180619359709723,6.215244131624522,1.0446275955013826,1.0373365791194569,1.009170034058829,0.7127130570497558
DQ24-TB3-TH3.csv,4,DQ,24.0,60.76277470375837,14.248100769144752,13.814327045202424,28.991765620553853,33.62844825383539,29.933036124742774,41.07694479560896,36.05437688525659,26.42553089842929,26.33649951292532,29.315564083492706,42.71325128939827,49.13608359249319,6.750665495873004,6.57087527494534,3.139139078144404,2.0218100756906523
DQ24-TB3-TH3.csv,4,TBZ,3.0,30.959688566817,8.54692875149127,8.66533394609249,12.338581888427383,10.802782512251717,13.01869060049064,10.477660612555068,9.319733689606272,8.09223087607747,8.130194352031122,9.323542169719085,12.81839274767511,12.502069109040299,1.291694961014782,1.2907157825970632,1.082213170448698,0.9023668190769888
DQ24-TB3-TH3.csv,4,THI,3.0,8.27753672932464,7.230237404868059,7.121989746469851,5.163644018073251,4.987378987554443,5.424834712661825,4.221981649641506,5.163202137719092,5.385275935124447,5.065485259753962,5.465719382637994,6.656576089689426,6.49510444201022,3.9414438269325727,3.5523266657924455,1.1106287388149403,0.7262414026345573
DQ24-TB3-TH6.csv,4,DQ,24.0,51.528277472043385,14.929193240569269,14.868029146841518,29.89178439266841,18.139249343064552,30.273478884023564,19.977547241683112,19.903565840606515,11.192677631750822,11.138161522945799,17.106649288221053,24.350197084276076,24.817492050284397,2.859281162051542,2.7789368941591284,1.6932576261387513,0.9832962627040025
DQ24-TB3-TH6.csv,4,TBZ,3.0,32.91761473465108,11.152337268405033,11.205639884907267,15.254927706349829,11.79779328935937,15.59655118253609,11.501854190163925,10.481635390121747,10.495583703419726,10.465355275761073,10.48760835918479,12.251539060226525,12.005048178031053,1.6753220206178328,1.6614362018954292,1.181892467565256,0.9905733696536076
DQ24-TB3-TH6.csv,4,THI,6.0,15.554107793205546,13.635766080557065,13.474191921463532,9.40772921943321,6.276017364246272,10.183195382753118,5.494953108475539,6.442361092966714,13.297904649172091,12.268322616663461,6.724433445785215,7.774927914418233,7.610589626504739,9.732638554092233,8.603536944816806,1.3975928573760534,0.9452107526922218
DQ3-TB12-TH3.csv,4,DQ,3.0,14.942922447421042,14.500647311102934,14.17403017237321,6.850546886273886,13.568850527345646,7.032971866198855,9.915378604988314,11.173158688204982,19.126837057721918,19.492189110177478,13.278552960103848,7.281725508990626,6.891355260848372,4.886141340623858,4.863240971556036,1.2666213027249342,0.48803562357431907
DQ3-TB12-TH3.csv,4,TBZ,12.0,53.351776152916074,16.978832704301368,16.705102378066165,18.900987091769977,16.13308915928138,19.708482534141382,16.59761838938553,16.637352326619858,15.827551452781536,15.490404643827262,15.928186682501291,18.386676222762574,18.281945480761895,2.5264193236501002,2.459192103766593,1.6161985625829467,1.4294355070383646
DQ3-TB12-TH3.csv,4,THI,3.0,31.70530139956288,6.133247235567711,6.616173335386407,6.9024339686738205,6.497882512796491,7.598813474653236,6.131090847655059,7.0632215359567505,4.259784592192531,4.5733343325620135,6.9384349255455176,8.423948670489754,8.461319974333264,3.117704995477033,3.2071907562777566,1.4469995318510056,1.0546355684087323
DQ3-TB12-TH6.csv,4,DQ,3.0,21.83321202999639,14.629920051901594,14.352938029678302,8.870760177007233,14.653788916978476,9.110184760027025,11.568291827544625,12.687197725360894,16.245339761448065,16.830027589463487,14.200433565475022,9.007399358034954,8.535216707823686,4.150034109735132,4.199039895563176,1.36789783117394,0.5693921271856561
DQ3-TB12-TH6.csv,4,TBZ,12.0,48.55171158219847,11.191518195904791,11.292323130757183,14.664959221040505,12.819384702601935,15.698960566489548,13.022902600040387,12.256924465138878,10.531620628836196,10.544857485118836,11.717527611149798,15.057267683189774,14.790987810842841,1.681074292850763,1.6740576414239647,1.2842345892338662,1.1215705135807221
DQ3-TB12-TH6.csv,4,THI,6.0,29.615076387705138,8.070913819279788,8.49643831138105,8.088007743436929,7.02789947980391,8.968178366147727,6.56730550663748,7.482965620378997,6.299000428500626,6.470573710561529,7.446813753237522,8.796295962915908,8.753464038451934,4.610192059580267,4.537687971896247,1.5650278744106745,1.1296707466919083
DQ3-TB24-TH3.csv,4,DQ,3.0,16.899974639821515,15.00808661401611,14.9423378480115,6.6585187711419636,12.60746559997763,6.894706663643823,9.417250589320057,10.708426249217117,10.1583300846153,10.506671832869229,12.453788109440065,7.159761494877309,6.766293978741839,2.5950467622195346,2.6213821671586555,1.176878208667784,0.4635177280474459
DQ3-TB24-TH3.csv,4,TBZ,24.0,56.14972158981978,17.65051161227564,17.58828056768011,16.737421970278877,17.0211899422515,17.842659201544834,17.640743469290328,17.965197375917224,16.43923266609526,16.294331862929997,17.109684150536523,18.637971926812227,18.71656649482312,2.624056866755857,2.5868202396789948,1.7051677113116228,1.5192724940395672
DQ3-TB24-TH3.csv,4,THI,3.0,26.9503037702587,3.335408013312526,3.4956831657321867,3.9306268076965374,4.842921037504828,4.262339235079034,4.470017469047338,5.416801991170187,1.788400050516354,1.88724469334136,5.322750500012895,6.712028106863667,6.766272546550956,1.3089168362234893,1.3234881369208502,1.0784597074909208,0.7689071213271524
DQ3-TB3-TH12.csv,4,DQ,3.0,20.29920610175286,15.066602533826861,15.061736080336997,16.700834438303325,12.78321861182946,17.095306338621956,9.919493597358901,11.176980446369678,9.456500653374889,9.57190998341117,12.605147057417753,11.52570962325929,10.986938939624512,2.4157574323788826,2.388161973201152,1.1932843521639453,0.48823816378459123
DQ3-TB3-TH12.csv,4,TBZ,3.0,34.819777925204015,7.159698962712065,7.2546687063790385,14.90383310189427,10.266562871228288,15.58925695655962,10.059277215447583,8.853367244063806,6.806050531686504,6.828327406888792,8.7107724274583,14.267700832617706,14.247428867289381,1.0863927773218505,1.084036810338935,1.0284951624159813,0.8663344155507554
DQ3-TB3-TH12.csv,4,THI,12.0,44.88101597294311,26.08289332311572,28.323294077973056,26.838950842679488,18.736706231874646,29.623950633596685,18.791454405587757,18.094849024288745,33.50580069764956,34.38801009073201,18.03059108091518,18.995015315289468,18.912387258030332,24.522648963043743,24.115645187916385,4.172436958125956,3.2323996970039364
DQ3-TB3-TH3.csv,4,DQ,3.0,23.244046069111455,15.35309821736406,15.490130059798533,7.46216525042802,12.15145475313647,7.8497801579441,9.745806803249433,11.015426495225697,6.686918329093621,6.892893898835977,12.059804984169451,7.762233449952786,7.1715056534641315,1.708239997578108,1.7197557355887223,1.1343106343755762,0.4796892877157345
DQ3-TB3-TH3.csv,4,TBZ,3.0,43.85150827647448,8.28872211281418,8.390967315809041,9.305580849064935,11.01047089040511,10.370901654129831,11.04772972183942,9.962983813171288,7.853215805626257,7.877306482413773,9.563662302446378,11.685598321059153,11.552463451833438,1.2535429894711725,1.2505683580203166,1.103019207960961,0.9514628403951989
DQ3-TB3-TH3.csv,4,THI,3.0,32.90444565431406,3.7695670580911163,3.9662026920978133,4.6229423578722155,5.216639747442046,5.265367434635883,4.949583631222208,5.900882858953007,2.129035805614726,2.2486166340404514,5.6917881018371865,7.076428837395104,7.152953379149572,1.5582256386579496,1.576911277130896,1.1616823261298632,0.851399379980982
DQ3-TB6-TH3.csv,4,DQ,3.0,24.634152117153178,15.835763826552187,16.27769881813245,8.786737974154759,10.611711906258225,9.267398684284863,8.644587144189709,9.978867215111313,3.7836289096069757,3.8569796368554727,10.715045206888322,8.027848166047788,7.400187576781516,0.9665657514108676,0.9623045051732554,0.990579145356378,0.42548717961558247
DQ3-TB6-TH3.csv,4,TBZ,6.0,51.33551007424828,12.451705366372819,12.510619166760783,11.782889585312974,13.693979487220233,12.893114696365,14.01370066391135,13.443094933471746,11.689215994664195,11.661108922807705,12.797026277546422,14.479266819797635,14.594212674065112,1.8658515346067326,1.8512690690464477,1.371850719026928,1.2069009447049706
DQ3-TB6-TH3.csv,4,THI,3.0,24.03033780849854,3.5319150367119367,3.637076136133339,3.744274756279719,4.867369049660017,4.240343732430008,4.432236987683454,5.378322474598423,1.940382828123692,1.993972421848459,5.346975620549325,6.559870654238373,6.578259469185271,1.420151912720394,1.3983342250079052,1.0839039829258148,0.7624083366201545
DQ6-TB3-TH3.csv,4,DQ,6.0,36.14025430891806,15.426304886572805,15.602560632611,10.848462197343821,12.63878886798289,11.501658727414487,11.71371244176441,12.818504777732285,6.126591602619846,6.333309114896812,12.480783370659,11.599444565121365,10.965810628011234,1.565098945337344,1.5801410605550517,1.179802164418234,0.5765497399172173
DQ6-TB3-TH3.csv,4,TBZ,3.0,32.439010258034976,8.490815629006681,8.621696907972872,8.719800985525152,10.82621534186918,9.686233066513248,10.541358326178976,9.391166886751826,8.04030252191201,8.08998313687077,9.350557313959074,10.138440152308853,9.978609557575592,1.283406073261022,1.2843320176097102,1.0845606505358085,0.9078526527330635
DQ6-TB3-TH3.csv,4,THI,3.0,31.420735432946973,3.139176031367717,3.2485923571203967,3.9110557606333267,4.749746625656023,4.390065056255736,4.475730949707413,5.42261664400777,1.6403803916118216,1.7047425130063918,5.23031482985146,6.5868478568014135,6.671507547929038,1.2005823371407691,1.195502893943229,1.0577108973885216,0.7698899219532163
DQ0-TB150-TH50.csv,5,DQ,0.0,25.4367984177653,12.826102186522444,13.003034000187025,12.511857641115753,10.40413561074118,12.64445621081502,8.906522076550722,9.519359958475563,4.746309846249222,4.973244524128042,10.082371765786474,9.667538369051012,9.07079005831278,1.2670527958554452,1.3106705959239326,1.0712395517587265,0.4642933637943338
DQ0-TB150-TH50.csv,5,TBZ,150.0,41.111972187080795,16.106829029427338,15.473173205848072,14.595994460070743,9.233822905808688,14.390258561207641,9.73475798669378,10.988715603173722,16.82792555458807,16.25692407534737,10.943474354435402,10.493108693747203,10.383132354666392,2.9120854554501974,2.797863993427042,1.5265085010451243,1.3073023265824386
DQ0-TB150-TH50.csv,5,THI,50.0,33.451229395053886,9.837126715596632,10.016216292341655,9.768183257557602,8.229467288571046,10.12741477712833,7.562968372231042,8.356198197480927,8.876067845013024,8.60956766034454,8.216315277305874,8.742838369010753,8.713328057447333,6.81139299514369,6.266953391229941,1.8476733144644437,1.3575971541731426
DQ0-TB250-TH50.csv,5,DQ,0.0,21.68223146274487,13.196592241216141,13.616330072638513,37.34727420897619,9.506728690832059,30.85750697328572,7.802790505966458,8.736612388919138,3.508536255066966,3.4380162842111757,9.504058165200826,14.935763849706225,13.979494205133674,0.9366225163019763,0.9060698363335153,0.9788399692661506,0.4067562871186049
DQ0-TB250-TH50.csv,5,TBZ,250.0,29.883248239034742,11.667903973458206,11.055951770614625,30.414289354465325,7.48673802361027,25.11561280791784,7.663005192290794,8.037961007530596,12.475412530275815,11.860935042252802,8.169637914757937,14.29671834191246,14.356637989274525,2.1588797301431044,2.0413014743311506,1.2376855561036935,1.029082030615271
DQ0-TB250-TH50.csv,5,THI,50.0,48.43452029812039,69.6323874998767,59.71914146898932,73.98714304571926,33.36681208679443,59.024456759919076,32.867920912787255,29.33635208920515,130.18606283513404,87.82053284996917,29.905970263979746,26.728572877025172,26.106754146506486,99.90329636324081,63.92506660917628,7.4914895605867,5.8999844635902905
DQ0-TB50-TH150.csv,5,DQ,0.0,17.176974378355162,14.126361289955533,14.866224460826896,31.544759311111775,8.462164602684158,15.288653462995194,6.603306347640789,7.840259611523702,1.7036006728187616,1.7013157665807033,8.806569016340356,7.1651228664599484,6.361196349130555,0.45478531015458845,0.4483721922018452,0.8712886639548673,0.34422766709156977
DQ0-TB50-TH150.csv,5,TBZ,50.0,51.021483726127535,5.558951350603876,5.5328029515161115,16.596800043318947,6.250705707412868,9.175174356390382,6.7639692979831425,6.8285040535055135,6.268269147976328,6.196333675724259,6.353103407326999,8.161853135177285,8.27391789207973,1.0847287954451554,1.0664070768995024,1.0333483214080943,0.9083484984703504
DQ0-TB50-TH150.csv,5,THI,150.0,31.801541895417294,48.91104728096874,16.19815021128218,40.627643325079475,9.740446988207301,13.94087990790925,8.883442883858365,9.588401716553154,80.17771626400155,16.088970460485992,9.599336525906523,9.39142937131756,9.197385052276571,61.52746288820612,11.711253336582296,2.1869172499245932,1.5946300691494342
DQ12-TB24-TH3.csv,5,DQ,12.0,48.817174754067004,12.89680532265882,13.12147220094564,15.490616196233212,10.697382735031857,16.585960703389972,11.902361102759816,11.488855067986375,4.47736324228863,4.624830074541044,10.267571331207249,16.12909510634197,15.265743582228117,1.1952560616507895,1.2188479292416092,1.101433114177825,0.6204652305353459
DQ12-TB24-TH3.csv,5,TBZ,24.0,31.278938727979323,11.219040542891927,11.176886331661315,7.867369859856276,7.585846682977585,8.218077629855328,7.793026525887628,8.216636215146202,12.029279867425773,11.982578402019811,8.320758826321116,7.075433781608689,7.043676984761979,2.0816761298257345,2.062236650921396,1.2540699087813065,1.04654288502468
DQ12-TB24-TH3.csv,5,THI,3.0,19.90388651785367,2.468522547058632,2.457670849455699,2.6912819742504204,4.460835626627676,2.9258373524403516,3.850242192655889,4.692379003159907,1.3312885078908212,1.3844888627321374,4.668983014689629,5.4438706449885,5.475426399952147,1.0216155819784103,1.0077773374594785,1.0015431933217382,0.6911410422948828
DQ150-TB50-TH0.csv,5,DQ,150.0,56.22629444819482,12.475260471881825,12.600978528586856,16.380431282799865,13.026201070628558,17.706553082421717,15.748998056869766,13.776967208389689,6.370434969733581,6.395957857087538,11.681096610415057,20.111895192289296,19.818592081277394,1.7006216830944751,1.6856186852230177,1.3412149089649457,0.8209888463046744
DQ150-TB50-TH0.csv,5,TBZ,50.0,42.60436383400325,5.578638537744617,5.649868802623902,5.086292146311484,6.269202342538491,5.499087740821444,6.635322993164696,6.6592941456319235,6.288873739195809,6.31921862410536,6.3793200973336,6.764045128272154,6.825717773627398,1.0882944357976223,1.0875559345072585,1.0364061308384909,0.8910722997373907
DQ150-TB50-TH0.csv,5,THI,0.0,1.169341717701919,2.5309090370785112,2.553519273384342,1.9967601816655165,4.456958646741287,2.226501625462474,3.527185599172397,4.3537311819269116,1.377674830675696,1.4551306344470927,4.665237799939168,5.371595717585032,5.2269972969613265,1.0572119158059947,1.059197885886159,1.0006727369452064,0.633150490124865
DQ24-TB24-TH12.csv,5,DQ,24.0,40.99692365490959,11.203707155041569,10.99814546082837,24.035346483113013,18.807030106886696,22.160786164090105,19.16876757007794,15.649553251674176,19.933551047684997,19.019573351683846,14.857082230412415,17.873949874757695,18.720321928131995,5.321368053174148,5.0125014802969305,1.9364255960691903,0.9992600364552119
DQ24-TB24-TH12.csv,5,TBZ,24.0,28.706331214456878,8.041807589809494,8.180514005538074,16.057734637259294,6.845804485906427,15.191384931447459,6.985306639715771,7.121941209011975,8.83096032728497,8.941810338641574,7.211597889493726,9.238616830493694,8.805040753086097,1.5282044743615333,1.5389116087758041,1.1317283048232547,0.9380723829472063
DQ24-TB24-TH12.csv,5,THI,12.0,30.29674513053354,29.61288964441292,27.252299303204648,25.479902139019828,11.522249057320076,23.170405030003668,10.435493241804556,11.00322903994959,40.271892237626794,31.653144122330843,11.209228536687885,11.582624218298863,11.134269175490127,30.904189724357632,23.040504091072204,2.5869660039100846,1.873232205952974
DQ24-TB24-TH3.csv,5,DQ,24.0,37.84511469894487,10.48383272905879,10.019636236843006,13.517719716577606,23.710213926106135,13.57174058271508,23.327131966593146,17.77469680391664,40.330175271483554,40.1202078526026,17.291045728359197,16.807822990402407,18.775485761674883,10.766355967142681,10.573454910500766,2.441271422114425,1.2160338766754961
DQ24-TB24-TH3.csv,5,TBZ,24.0,45.52769384830551,41.243982152760516,39.784213457656236,33.42907905711603,14.462462688665111,32.13148039959292,15.4253171685278,20.052551880051034,40.280576200731296,39.41899500410725,20.45203221026314,18.050950648879724,17.030343103091937,6.970584681444674,6.784123876565224,2.390891883621384,2.0715001903747647
DQ24-TB24-TH3.csv,5,THI,3.0,16.62719145264962,6.031634673130445,5.471275362871913,6.881900913057116,5.302451414371547,6.906750017073534,4.507729808023288,5.369298039409007,4.536351642982145,3.920889533021414,5.476421534296464,7.348186337364301,7.260645403793955,3.4811443923197967,2.854037847775413,1.1905020867127996,0.8091639232055367
DQ24-TB24-TH6.csv,5,DQ,24.0,34.972381259607324,10.591258471120039,10.024176861528103,14.20044647294732,22.128971165211297,13.934216464395885,21.081329165486284,16.64522386966661,36.195041482326374,39.97486395353247,16.526948411779625,15.431589008480358,16.81024952720208,9.662459888186017,10.535150344159026,2.278462146094036,1.0989610924862654
DQ24-TB24-TH6.csv,5,TBZ,24.0,41.61066273744051,34.358884880101485,32.67592788001382,32.52645816473288,12.425414056164433,31.379852409668455,13.116700772690308,16.22426263734674,33.99873845695826,32.774053271223764,16.551851887274633,15.81807218725452,14.837753251388806,5.8835078300646195,5.6405100461329045,2.0541329825384422,1.7614709539427924
DQ24-TB24-TH6.csv,5,THI,6.0,23.416956002852146,13.401405484220899,13.39664297782743,12.926910526247527,7.479301575174156,13.458894514613458,6.561436939495327,7.400763122912618,13.56721515180183,12.56770839286482,7.52256922946072,9.075718098350693,8.846053484598373,10.41132581028111,9.148106599524798,1.679246717521218,1.1778163913857058
DQ3-TB24-TH6.csv,5,DQ,3.0,11.421654588610576,11.621480721912905,11.46735704928272,6.419005572662464,11.2376871631889,6.644460019986449,8.221114949315977,9.0375923638418,13.516653277485883,13.610071113734307,10.60427771148816,6.786798523867718,6.603114324261099,3.608342877020818,3.5868576199423523,1.1570644030313326,0.4285633697588086
DQ3-TB24-TH6.csv,5,TBZ,24.0,59.30773932164346,23.017619258161027,23.012860909670145,18.857800747184342,13.88604126684423,19.397035197106543,15.357630420321627,19.937650493578417,23.440197961204298,23.58990459088521,19.32493665805938,16.931633309627877,17.00024841826107,4.0563442792914906,4.059891302765202,2.295599585992352,2.062410386238937
DQ3-TB24-TH6.csv,5,THI,6.0,29.270606089645945,6.578533146906113,7.005932853222048,7.3498567278331395,6.651888578106338,8.058747497736745,5.995932601471853,6.852038327939445,5.110139789702552,5.408238118999531,6.751105403011867,7.953047792032203,8.053207301385397,3.9214628567019405,3.936687364285932,1.4934766231620835,1.0763050479306544
DQ333-TB33-TH333.csv,5,DQ,333.0,7.157309798238757,14.429766725588834,15.26347982288549,32.017294972883974,9.032746254316201,32.3188529740409,6.299526010647613,7.6044046824784965,1.3596802432170214,1.3773440017529244,9.191027365466445,49.705621789952865,50.85164532886061,0.36297391224868586,0.36299125748020056,0.9300373823111557,0.32839172200493716
DQ333-TB33-TH333.csv,5,TBZ,33.0,4.262618320315065,4.8332017085193915,4.889636096261353,17.433035357078136,6.035689824757396,18.082994152190974,5.774878459435896,5.554034347735764,5.504869493757195,5.518211089905415,6.050599416833807,50.98580062643385,55.07459163806672,0.9526218983391641,0.9497002043571551,0.99780252677012,0.7755212873366356
DQ333-TB33-TH333.csv,5,THI,333.0,88.58007188134619,69.68149869145668,84.23857544530986,134.52436849644945,445.39623017483444,141.8841157152655,557.0848722673803,329.6237671308604,130.31207935500686,137.38043229095794,326.9172471293709,290.7649038988291,305.79430790348556,100.0,100.0,100.0,100.0
DQ50-TB150-TH0.csv,5,DQ,50.0,53.61363222689528,12.23164659635922,12.291777993072456,16.816202231345965,14.296545624858778,18.088359543445456,16.7858603593381,14.358613059355028,7.853279017465373,7.80431368823194,12.41504285231197,20.548133646403496,20.850425736961338,2.0964748316159376,2.0567829357487084,1.4720132166540334,0.8750400553026313
DQ50-TB150-TH0.csv,5,TBZ,150.0,45.014469078480616,12.24419889851919,12.533874049798268,9.218260627771482,8.794081719536864,9.78966321674017,9.36689406438193,10.4492781009592,13.046405712264102,13.342124711796062,10.22400010941913,9.587979882250668,9.599002045891675,2.257690539296938,2.2962185314966916,1.4538117787935707,1.2579010613263975
DQ50-TB150-TH0.csv,5,THI,0.0,1.3718986945240823,2.3294832385700843,2.322082282529268,2.0924273409252625,4.4499269967807145,2.3244711066439874,3.5249260604185673,4.351347154489685,1.229481684863304,1.2859705511281627,4.658444490484463,5.6484491683231415,5.540096509553855,0.943490189818742,0.9360652966971356,0.9990939966047657,0.6327448896739619
DQ500-TB0-TH50.csv,5,DQ,500.0,62.70157171792564,8.655470734182467,7.961303087275245,45.26286918182475,135.24539905611502,44.87564708613359,175.82869877247785,65.87660346431747,308.174004691691,253.13248846188685,54.07656376828518,71.31428489028988,118.20780926778686,82.26869861080556,66.71164224691304,13.925253003500753,9.165878364528801
DQ500-TB0-TH50.csv,5,TBZ,0.0,13.619197893697304,6.162578289611281,6.067649146794093,26.105126093319903,6.174535073490623,25.501941574883638,6.0550400503497555,5.908714503226387,6.8977348729251,6.756501274936811,6.245463266141553,17.04137413799276,15.392149516072534,1.193658323115187,1.1628135526176209,1.0207560157727806,0.8131448112209841
DQ500-TB0-TH50.csv,5,THI,50.0,23.679230388277052,69.68149869145668,84.23857544530986,60.33636374252156,13.800348705953171,66.3401869959417,12.12147599417058,12.505904338486985,130.31207935500686,137.38043229095794,13.240026092170876,19.054599092237403,18.251582511469362,100.0,100.0,3.098443087525915,2.1758759926176414
DQ6-TB12-TH12.csv,5,DQ,6.0,10.893271602178732,11.094791816352275,10.75849077341992,11.411478478540591,11.801232396079183,11.274292618960754,8.582387583090307,9.293216007892063,22.110764889251318,22.690574688378785,10.94956581722573,8.39542278162982,8.105054041259192,5.902586931522725,5.979973215551514,1.2150886315942422,0.44739636483143547
DQ6-TB12-TH12.csv,5,TBZ,12.0,50.5333056496159,12.381342602058181,11.867420631801664,23.975005208839125,8.971554146667,23.92403966625633,9.6957666128283,10.931237565026663,13.182000583936325,12.675622300116016,10.512703394876542,14.811554745218354,14.710312415080615,2.281155336092563,2.1815115247758006,1.4831509995560612,1.3020660881632955
DQ6-TB12-TH12.csv,5,THI,12.0,38.573422748105365,36.943573451507376,42.40857731795235,35.65390052830533,18.649471706063903,38.724562414707755,17.550509385064935,17.159408346547238,54.553028245904535,56.26349398479698,17.48173954665638,16.642631626846317,16.119889764760295,41.86337023852309,40.954518082776566,4.187164246707543,3.1504193092935635
DQ6-TB24-TH24.csv,5,DQ,6.0,15.465612134072623,11.59428403063218,11.321666245168858,6.703966262285865,12.022332445412786,6.824895059968588,9.203118924804016,9.723769075008457,13.856910871998325,15.077948218171203,11.083473148418749,7.067591608872698,6.798576044300844,3.699176461511459,3.9737083669509605,1.2378537248805541,0.47975483654236417
DQ6-TB24-TH24.csv,5,TBZ,24.0,42.76744752134029,11.062901038171361,10.973884297804108,11.388963476912483,8.18321120721388,11.86620202162576,8.664828780119329,9.437848278990323,11.873792492260547,11.778339559629343,9.247913809023279,9.735589386540767,9.561833291175784,2.0547689200062016,2.0270865511525193,1.3528244586325762,1.163619151002197
DQ6-TB24-TH24.csv,5,THI,24.0,41.7669403444871,7.183142755339085,7.390580044517491,8.993060130603537,8.126911256408732,9.537417510580278,7.761971757662398,8.543780717077228,5.765449429930222,5.797617316116421,8.12177026603944,8.715079696545416,8.731423162923782,4.424339983267025,4.220118702085353,1.8246475173843795,1.3933194283432158
DQ6-TB24-TH3.csv,5,DQ,6.0,36.8319075490278,11.709708620937405,11.527508776843618,11.000847437300314,15.308319877575007,11.48728253290369,14.890849459429035,13.285322215437247,12.474274697505342,13.05147714393474,12.983592328210161,12.933276529494753,13.078168893832652,3.330074340644522,3.4396433239782747,1.576188386750989,0.776253909870828
DQ6-TB24-TH3.csv,5,TBZ,24.0,42.24829740230579,16.7547293349072,16.243750504195816,12.854426350157022,9.52407051415983,13.096133947371612,10.070831126863036,11.48703696671851,17.455393184086983,17.015112114090815,11.425844216349427,10.409034192769472,10.092263571348107,3.020669211166386,2.928350363666304,1.5744913837661385,1.3524343369154814
DQ6-TB24-TH3.csv,5,THI,3.0,20.91979504856642,2.9481965342701155,3.0129280740020286,3.5849238424901584,4.71544852346756,3.9470220383639147,4.089198619033038,4.9402038444754,1.6986349518519854,1.804514659093797,4.914403971781304,6.0836268590332,6.059486530186154,1.3035130436560871,1.3135165095943333,1.0587086742105054,0.7340351215048562
DQ6-TB6-TH3.csv,5,DQ,6.0,41.173464666035144,12.638584904331431,12.772433543788628,11.60235065492076,11.51664130445494,12.361153523853696,11.761412962529398,11.400433950959714,5.549170799128355,5.739701310294024,10.775923735886707,12.75737870340744,12.140611970491182,1.4813808207804442,1.5126659669137075,1.1857863190492828,0.6131176614634147
DQ6-TB6-TH3.csv,5,TBZ,6.0,28.673744264609013,8.234377019228848,8.047672301754616,6.486996274480339,6.814771164504544,6.756878513075482,6.953044455850711,7.0789898068386465,9.027094079765758,8.805552479672068,7.166075749865663,6.461061381354063,6.345599904552798,1.5621455710266805,1.515461234297501,1.1265979672134832,0.9337398224372201
DQ6-TB6-TH3.csv,5,THI,3.0,30.152791069255834,2.7082516605384868,2.744134653420825,3.293325825922584,4.661662827474339,3.569877158224194,4.219170112538956,5.074110154767894,1.5118487081592944,1.5979809918586396,4.862647000191122,5.636739384234638,5.6974991390966405,1.1601754155427082,1.1631794755706377,1.0466327534124984,0.7573657664345819
DQ6-TB6-TH6.csv,5,DQ,6.0,39.13069682704805,12.232458677357696,12.244021511305093,11.143345007557967,13.036816713297776,11.810943947543425,13.012409566031565,12.172834076187923,7.847748527074867,8.051510294854141,11.687329534060186,12.610671500436771,12.249229462806905,2.0949984376301383,2.121930209754645,1.3423079258882222,0.6783316042508611
DQ6-TB6-TH6.csv,5,TBZ,6.0,33.81014246963327,8.011273260921485,7.968596036185992,7.08829254360028,6.940086182333654,7.464773515092075,7.177293933675269,7.378791054223244,8.799830085198304,8.724376505429198,7.3503956638828,7.161884054203517,6.98721674305485,1.5228173620338044,1.5014906126465148,1.1473146781549959,0.9638547841543638
DQ6-TB6-TH6.csv,5,THI,6.0,27.059160703218694,3.549933710326457,3.618772651270902,3.942893262188872,5.11448036317864,4.278762273621739,4.563155354915407,5.425677561046507,2.191754366008056,2.2901526197921744,5.297000090854841,6.1079065377238155,6.088985683924926,1.6819272448543308,1.6670151502667145,1.148298978904922,0.8191131337569799
