DQ_pct_X,TBZ_pct_Y,THI_pct_Z,accuracy_mlp_Z2
0,0,100,0.6943
0,2,98,0.6834
0,4,96,0.6732
0,6,94,0.6638
0,8,92,0.6557
0,10,90,0.6509
0,12,88,0.6484
0,14,86,0.6441
0,16,84,0.6348
0,18,82,0.6143
0,20,80,0.5858
0,22,78,0.5556
0,24,76,0.5282
0,26,74,0.5108
0,28,72,0.5044
0,30,70,0.5041
0,32,68,0.5082
0,34,66,0.5159
0,36,64,0.5265
0,38,62,0.5395
0,40,60,0.5546
0,42,58,0.5715
0,44,56,0.59
0,46,54,0.61
0,48,52,0.6313
0,50,50,0.6516
0,52,48,0.6632
0,54,46,0.6734
0,56,44,0.6838
0,58,42,0.6941
0,60,40,0.7038
0,62,38,0.7125
0,64,36,0.7198
0,66,34,0.725
0,68,32,0.7275
0,70,30,0.7262
0,72,28,0.7195
0,74,26,0.7042
0,76,24,0.6706
0,78,22,0.6211
0,80,20,0.571
0,82,18,0.5304
0,84,16,0.5162
0,86,14,0.536
0,88,12,0.5715
0,90,10,0.6144
0,92,8,0.6591
0,94,6,0.7021
0,96,4,0.742
0,98,2,0.7778
0,100,0,0.8093
2,0,98,0.7018
2,2,96,0.6913
2,4,94,0.6817
2,6,92,0.6734
2,8,90,0.6669
2,10,88,0.6627
2,12,86,0.6581
2,14,84,0.6496
2,16,82,0.6333
2,18,80,0.6075
2,20,78,0.5772
2,22,76,0.5474
2,24,74,0.5234
2,26,72,0.5096
2,28,70,0.5039
2,30,68,0.5036
2,32,66,0.5073
2,34,64,0.5142
2,36,62,0.5238
2,38,60,0.5354
2,40,58,0.5488
2,42,56,0.5636
2,44,54,0.5794
2,46,52,0.5959
2,48,50,0.6128
2,50,48,0.6285
2,52,46,0.6427
2,54,44,0.6564
2,56,42,0.6696
2,58,40,0.6818
2,60,38,0.6929
2,62,36,0.7024
2,64,34,0.71
2,66,32,0.715
2,68,30,0.7167
2,70,28,0.7136
2,72,26,0.7035
2,74,24,0.6811
2,76,22,0.6425
2,78,20,0.5972
2,80,18,0.5569
2,82,16,0.5337
2,84,14,0.5401
2,86,12,0.5697
2,88,10,0.6112
2,90,8,0.6573
2,92,6,0.7029
2,94,4,0.7453
2,96,2,0.783
2,98,0,0.8156
4,0,96,0.7111
4,2,94,0.7014
4,4,92,0.6932
4,6,90,0.6863
4,8,88,0.6804
4,10,86,0.6741
4,12,84,0.665
4,14,82,0.6502
4,16,80,0.6281
4,18,78,0.6001
4,20,76,0.5704
4,22,74,0.5435
4,24,72,0.5232
4,26,70,0.5108
4,28,68,0.5049
4,30,66,0.5038
4,32,64,0.5065
4,34,62,0.5121
4,36,60,0.5201
4,38,58,0.5298
4,40,56,0.5408
4,42,54,0.5525
4,44,52,0.5644
4,46,50,0.5759
4,48,48,0.5881
4,50,46,0.6061
4,52,44,0.6243
4,54,42,0.6409
4,56,40,0.656
4,58,38,0.6694
4,60,36,0.6811
4,62,34,0.6906
4,64,32,0.6977
4,66,30,0.7014
4,68,28,0.701
4,70,26,0.6944
4,72,24,0.6791
4,74,22,0.6526
4,76,20,0.618
4,78,18,0.5839
4,80,16,0.5608
4,82,14,0.5579
4,84,12,0.5777
4,86,10,0.6138
4,88,8,0.6585
4,90,6,0.7054
4,92,4,0.75
4,94,2,0.7896
4,96,0,0.8231
6,0,94,0.7226
6,2,92,0.7141
6,4,90,0.7074
6,6,88,0.701
6,8,86,0.6935
6,10,84,0.6833
6,12,82,0.6686
6,14,80,0.6483
6,16,78,0.6228
6,18,76,0.5943
6,20,74,0.5663
6,22,72,0.5421
6,24,70,0.5241
6,26,68,0.5122
6,28,66,0.5058
6,30,64,0.5037
6,32,62,0.5051
6,34,60,0.5092
6,36,58,0.5153
6,38,56,0.5228
6,40,54,0.5312
6,42,52,0.5398
6,44,50,0.5484
6,46,48,0.5575
6,48,46,0.5719
6,50,44,0.5914
6,52,42,0.6106
6,54,40,0.6281
6,56,38,0.6436
6,58,36,0.6572
6,60,34,0.6684
6,62,32,0.6771
6,64,30,0.6826
6,66,28,0.6842
6,68,26,0.6808
6,70,24,0.6708
6,72,22,0.6531
6,74,20,0.6289
6,76,18,0.6034
6,78,16,0.5841
6,80,14,0.5786
6,82,12,0.5914
6,84,10,0.6212
6,86,8,0.6623
6,88,6,0.7087
6,90,4,0.7549
6,92,2,0.7967
6,94,0,0.8314
8,0,92,0.7363
8,2,90,0.7297
8,4,88,0.7237
8,6,86,0.7158
8,8,84,0.7048
8,10,82,0.6896
8,12,80,0.6698
8,14,78,0.6455
8,16,76,0.6181
8,18,74,0.5899
8,20,72,0.5636
8,22,70,0.5414
8,24,68,0.5245
8,26,66,0.5129
8,28,64,0.5059
8,30,62,0.5028
8,32,60,0.5029
8,34,58,0.5054
8,36,56,0.5097
8,38,54,0.5152
8,40,52,0.5215
8,42,50,0.5284
8,44,48,0.5364
8,46,46,0.5475
8,48,44,0.5635
8,50,42,0.582
8,52,40,0.6004
8,54,38,0.6172
8,56,36,0.6321
8,58,34,0.6447
8,60,32,0.6548
8,62,30,0.6618
8,64,28,0.6652
8,66,26,0.6644
8,68,24,0.6584
8,70,22,0.647
8,72,20,0.6309
8,74,18,0.6132
8,76,16,0.5991
8,78,14,0.5946
8,80,12,0.6042
8,82,10,0.6291
8,84,8,0.6665
8,86,6,0.7114
8,88,4,0.7582
8,90,2,0.8021
8,92,0,0.8388
10,0,90,0.7538
10,2,88,0.7483
10,4,86,0.7406
10,6,84,0.7291
10,8,82,0.7133
10,10,80,0.6932
10,12,78,0.6691
10,14,76,0.6421
10,16,74,0.6137
10,18,72,0.5861
10,20,70,0.5611
10,22,68,0.5403
10,24,66,0.5241
10,26,64,0.5124
10,28,62,0.505
10,30,60,0.501
10,32,58,0.4999
10,34,56,0.5011
10,36,54,0.504
10,38,52,0.5083
10,40,50,0.5136
10,42,48,0.5204
10,44,46,0.5295
10,46,44,0.5422
10,48,42,0.5581
10,50,40,0.5753
10,52,38,0.5922
10,54,36,0.6076
10,56,34,0.6211
10,58,32,0.6321
10,60,30,0.6402
10,62,28,0.6451
10,64,26,0.6464
10,66,24,0.6435
10,68,22,0.6365
10,70,20,0.6261
10,72,18,0.6144
10,74,16,0.605
10,76,14,0.6025
10,78,12,0.6111
10,80,10,0.6329
10,82,8,0.6673
10,84,6,0.7108
10,86,4,0.7577
10,88,2,0.8026
10,90,0,0.8414
12,0,88,0.7741
12,2,86,0.767
12,4,84,0.7556
12,6,82,0.7391
12,8,80,0.7182
12,10,78,0.6936
12,12,76,0.6663
12,14,74,0.6376
12,16,72,0.6089
12,18,70,0.5819
12,20,68,0.558
12,22,66,0.538
12,24,64,0.5223
12,26,62,0.5108
12,28,60,0.5029
12,30,58,0.4984
12,32,56,0.4966
12,34,54,0.4969
12,36,52,0.4991
12,38,50,0.5029
12,40,48,0.5083
12,42,46,0.5159
12,44,44,0.5262
12,46,42,0.5393
12,48,40,0.5543
12,50,38,0.57
12,52,36,0.5851
12,54,34,0.5986
12,56,32,0.6101
12,58,30,0.6191
12,60,28,0.6251
12,62,26,0.6279
12,64,24,0.6273
12,66,22,0.6234
12,68,20,0.6168
12,70,18,0.6092
12,72,16,0.6032
12,74,14,0.6023
12,76,12,0.6102
12,78,10,0.6296
12,80,8,0.6613
12,82,6,0.7034
12,84,4,0.7511
12,86,2,0.7975
12,88,0,0.8372
14,0,86,0.7931
14,2,84,0.7827
14,4,82,0.7659
14,6,80,0.744
14,8,78,0.7186
14,10,76,0.6907
14,12,74,0.6613
14,14,72,0.6316
14,16,70,0.603
14,18,68,0.5767
14,20,66,0.5537
14,22,64,0.5345
14,24,62,0.5193
14,26,60,0.508
14,28,58,0.5001
14,30,56,0.4954
14,32,54,0.4932
14,34,52,0.4934
14,36,50,0.4955
14,38,48,0.4995
14,40,46,0.5056
14,42,44,0.514
14,44,42,0.5247
14,46,40,0.5375
14,48,38,0.5514
14,50,36,0.5654
14,52,34,0.5785
14,54,32,0.59
14,56,30,0.5993
14,58,28,0.6061
14,60,26,0.61
14,62,24,0.611
14,64,22,0.6091
14,66,20,0.6051
14,68,18,0.6
14,70,16,0.5959
14,72,14,0.5956
14,74,12,0.6022
14,76,10,0.6187
14,78,8,0.6468
14,80,6,0.6865
14,82,4,0.7347
14,84,2,0.7846
14,86,0,0.8269
16,0,84,0.8076
16,2,82,0.7916
16,4,80,0.7692
16,6,78,0.7432
16,8,76,0.7145
16,10,74,0.6844
16,12,72,0.6538
16,14,70,0.6238
16,16,68,0.5957
16,18,66,0.5702
16,20,64,0.5481
16,22,62,0.5298
16,24,60,0.5153
16,26,58,0.5044
16,28,56,0.4968
16,30,54,0.4923
16,32,52,0.4904
16,34,50,0.4908
16,36,48,0.4934
16,38,46,0.4981
16,40,44,0.5048
16,42,42,0.5137
16,44,40,0.5245
16,46,38,0.5366
16,48,36,0.5491
16,50,34,0.5613
16,52,32,0.5723
16,54,30,0.5817
16,56,28,0.5888
16,58,26,0.5935
16,60,24,0.5955
16,62,22,0.595
16,64,20,0.5925
16,66,18,0.5889
16,68,16,0.5857
16,70,14,0.585
16,72,12,0.5896
16,74,10,0.6021
16,76,8,0.625
16,78,6,0.6596
16,80,4,0.7052
16,82,2,0.7579
16,84,0,0.807
18,0,82,0.812
18,2,80,0.7913
18,4,78,0.7656
18,6,76,0.7369
18,8,74,0.7063
18,10,72,0.6749
18,12,70,0.6438
18,14,68,0.6142
18,16,66,0.5867
18,18,64,0.5623
18,20,62,0.5413
18,22,60,0.524
18,24,58,0.5104
18,26,56,0.5003
18,28,54,0.4934
18,30,52,0.4895
18,32,50,0.4883
18,34,48,0.4894
18,36,46,0.4928
18,38,44,0.4982
18,40,42,0.5056
18,42,40,0.5147
18,44,38,0.525
18,46,36,0.5361
18,48,34,0.5472
18,50,32,0.5575
18,52,30,0.5666
18,54,28,0.5738
18,56,26,0.5789
18,58,24,0.5816
18,60,22,0.5821
18,62,20,0.5806
18,64,18,0.5778
18,66,16,0.5748
18,68,14,0.5733
18,70,12,0.5753
18,72,10,0.5832
18,74,8,0.5995
18,76,6,0.6265
18,78,4,0.6652
18,80,2,0.7141
18,82,0,0.7665
20,0,80,0.8077
20,2,78,0.7842
20,4,76,0.7565
20,6,74,0.7261
20,8,72,0.6944
20,10,70,0.6625
20,12,68,0.6317
20,14,66,0.6027
20,16,64,0.5763
20,18,62,0.5531
20,20,60,0.5334
20,22,58,0.5174
20,24,56,0.505
20,26,54,0.496
20,28,52,0.4903
20,30,50,0.4874
20,32,48,0.4872
20,34,46,0.4893
20,36,44,0.4936
20,38,42,0.4997
20,40,40,0.5074
20,42,38,0.5164
20,44,36,0.5262
20,46,34,0.5361
20,48,32,0.5457
20,50,30,0.5543
20,52,28,0.5614
20,54,26,0.5667
20,56,24,0.5699
20,58,22,0.5711
20,60,20,0.5703
20,62,18,0.568
20,64,16,0.5651
20,66,14,0.5626
20,68,12,0.5622
20,70,10,0.5657
20,72,8,0.5752
20,74,6,0.5931
20,76,4,0.6216
20,78,2,0.6622
20,80,0,0.7115
22,0,78,0.7981
22,2,76,0.7725
22,4,74,0.7431
22,6,72,0.7115
22,8,70,0.6794
22,10,68,0.6477
22,12,66,0.6175
22,14,64,0.5896
22,16,62,0.5646
22,18,60,0.5429
22,20,58,0.5248
22,22,56,0.5104
22,24,54,0.4995
22,26,52,0.492
22,28,50,0.4876
22,30,48,0.4861
22,32,46,0.4871
22,34,44,0.4904
22,36,42,0.4956
22,38,40,0.5023
22,40,38,0.5102
22,42,36,0.5189
22,44,34,0.5279
22,46,32,0.5367
22,48,30,0.5447
22,50,28,0.5517
22,52,26,0.5571
22,54,24,0.5607
22,56,22,0.5624
22,58,20,0.5622
22,60,18,0.5605
22,62,16,0.5577
22,64,14,0.5546
22,66,12,0.5523
22,68,10,0.5523
22,70,8,0.556
22,72,6,0.5654
22,74,4,0.5828
22,76,2,0.6116
22,78,0,0.654
24,0,76,0.7843
24,2,74,0.7566
24,4,72,0.7259
24,6,70,0.6939
24,8,68,0.6619
24,10,66,0.6309
24,12,64,0.6018
24,14,62,0.5753
24,16,60,0.5519
24,18,58,0.5321
24,20,56,0.5158
24,22,54,0.5032
24,24,52,0.4942
24,26,50,0.4885
24,28,48,0.4858
24,30,46,0.4858
24,32,44,0.4883
24,34,42,0.4927
24,36,40,0.4987
24,38,38,0.5059
24,40,36,0.5138
24,42,34,0.522
24,44,32,0.5302
24,46,30,0.5378
24,48,28,0.5446
24,50,26,0.5501
24,52,24,0.554
24,54,22,0.5562
24,56,20,0.5567
24,58,18,0.5555
24,60,16,0.5531
24,62,14,0.5498
24,64,12,0.5466
24,66,10,0.5443
24,68,8,0.5441
24,70,6,0.5474
24,72,4,0.5558
24,74,2,0.5719
24,76,0,0.6022
26,0,74,0.7663
26,2,72,0.737
26,4,70,0.7057
26,6,68,0.6738
26,8,66,0.6424
26,10,64,0.6125
26,12,62,0.5849
26,14,60,0.5601
26,16,58,0.5387
26,18,56,0.5209
26,20,54,0.5069
26,22,52,0.4964
26,24,50,0.4895
26,26,48,0.4857
26,28,46,0.4849
26,30,44,0.4867
26,32,42,0.4905
26,34,40,0.4961
26,36,38,0.5029
26,38,36,0.5103
26,40,34,0.5181
26,42,32,0.5258
26,44,30,0.5332
26,46,28,0.5398
26,48,26,0.5454
26,50,24,0.5497
26,52,22,0.5525
26,54,20,0.5537
26,56,18,0.5533
26,58,16,0.5515
26,60,14,0.5486
26,62,12,0.5451
26,64,10,0.5418
26,66,8,0.5395
26,68,6,0.5394
26,70,4,0.5427
26,72,2,0.5515
26,74,0,0.5698
28,0,72,0.7449
28,2,70,0.7148
28,4,68,0.6834
28,6,66,0.652
28,8,64,0.6217
28,10,62,0.5932
28,12,60,0.5673
28,14,58,0.5446
28,16,56,0.5254
28,18,54,0.51
28,20,52,0.4983
28,22,50,0.4903
28,24,48,0.4856
28,26,46,0.4841
28,28,44,0.4852
28,30,42,0.4887
28,32,40,0.494
28,34,38,0.5007
28,36,36,0.508
28,38,34,0.5156
28,40,32,0.5232
28,42,30,0.5304
28,44,28,0.537
28,46,26,0.5429
28,48,24,0.5476
28,50,22,0.551
28,52,20,0.553
28,54,18,0.5535
28,56,16,0.5526
28,58,14,0.5505
28,60,12,0.5475
28,62,10,0.5441
28,64,8,0.5412
28,66,6,0.5395
28,68,4,0.5403
28,70,2,0.5456
28,72,0,0.5583
30,0,70,0.7214
30,2,68,0.6909
30,4,66,0.6598
30,6,64,0.6292
30,8,62,0.6001
30,10,60,0.5733
30,12,58,0.5495
30,14,56,0.5291
30,16,54,0.5124
30,18,52,0.4996
30,20,50,0.4906
30,22,48,0.4851
30,24,46,0.4829
30,26,44,0.4836
30,28,42,0.4868
30,30,40,0.492
30,32,38,0.4987
30,34,36,0.5063
30,36,34,0.5141
30,38,32,0.5217
30,40,30,0.5289
30,42,28,0.5358
30,44,26,0.542
30,46,24,0.5472
30,48,22,0.5514
30,50,20,0.5543
30,52,18,0.5559
30,54,16,0.5561
30,56,14,0.5551
30,58,12,0.5531
30,60,10,0.5504
30,62,8,0.5477
30,64,6,0.5456
30,66,4,0.5454
30,68,2,0.5487
30,70,0,0.5577
32,0,68,0.6967
32,2,66,0.6661
32,4,64,0.6355
32,6,62,0.606
32,8,60,0.5784
32,10,58,0.5535
32,12,56,0.5319
32,14,54,0.5141
32,16,52,0.5003
32,18,50,0.4903
32,20,48,0.4841
32,22,46,0.4813
32,24,44,0.4815
32,26,42,0.4845
32,28,40,0.4896
32,30,38,0.4964
32,32,36,0.5044
32,34,34,0.5128
32,36,32,0.5208
32,38,30,0.5283
32,40,28,0.5355
32,42,26,0.5422
32,44,24,0.5482
32,46,22,0.5532
32,48,20,0.5571
32,50,18,0.5599
32,52,16,0.5614
32,54,14,0.5618
32,56,12,0.5611
32,58,10,0.5596
32,60,8,0.5578
32,62,6,0.5562
32,64,4,0.5557
32,66,2,0.5578
32,68,0,0.5642
34,0,66,0.6713
34,2,64,0.6408
34,4,62,0.611
34,6,60,0.5827
34,8,58,0.5568
34,10,56,0.5341
34,12,54,0.5151
34,14,52,0.5002
34,16,50,0.4893
34,18,48,0.4824
34,20,46,0.4791
34,22,44,0.479
34,24,42,0.4817
34,26,40,0.4867
34,28,38,0.4937
34,30,36,0.5019
34,32,34,0.511
34,34,32,0.5197
34,36,30,0.5279
34,38,28,0.5358
34,40,26,0.5432
34,42,24,0.5499
34,44,22,0.5559
34,46,20,0.561
34,48,18,0.565
34,50,16,0.568
34,52,14,0.5699
34,54,12,0.5708
34,56,10,0.5709
34,58,8,0.5705
34,60,6,0.5698
34,62,4,0.5697
34,64,2,0.5713
34,66,0,0.5758
36,0,64,0.6458
36,2,62,0.6157
36,4,60,0.5868
36,6,58,0.5599
36,8,56,0.5359
36,10,54,0.5157
36,12,52,0.4996
36,14,50,0.4878
36,16,48,0.4802
36,18,46,0.4764
36,20,44,0.476
36,22,42,0.4785
36,24,40,0.4834
36,26,38,0.4904
36,28,36,0.4989
36,30,34,0.5082
36,32,32,0.5179
36,34,30,0.5271
36,36,28,0.5359
36,38,26,0.5442
36,40,24,0.5521
36,42,22,0.5592
36,44,20,0.5655
36,46,18,0.5709
36,48,16,0.5753
36,50,14,0.5789
36,52,12,0.5815
36,54,10,0.5834
36,56,8,0.5847
36,58,6,0.5855
36,60,4,0.5862
36,62,2,0.5878
36,64,0,0.5912
38,0,62,0.6207
38,2,60,0.5912
38,4,58,0.5633
38,6,56,0.538
38,8,54,0.5163
38,10,52,0.4988
38,12,50,0.4859
38,14,48,0.4775
38,16,46,0.4732
38,18,44,0.4725
38,20,42,0.4749
38,22,40,0.4798
38,24,38,0.4868
38,26,36,0.4954
38,28,34,0.5051
38,30,32,0.5153
38,32,30,0.5256
38,34,28,0.5355
38,36,26,0.545
38,38,24,0.5541
38,40,22,0.5625
38,42,20,0.5701
38,44,18,0.577
38,46,16,0.5829
38,48,14,0.5881
38,50,12,0.5926
38,52,10,0.5964
38,54,8,0.5996
38,56,6,0.6022
38,58,4,0.6043
38,60,2,0.6063
38,62,0,0.6092
40,0,60,0.5965
40,2,58,0.5677
40,4,56,0.541
40,6,54,0.5176
40,8,52,0.4984
40,10,50,0.4842
40,12,48,0.4748
40,14,46,0.47
40,16,44,0.469
40,18,42,0.4712
40,20,40,0.476
40,22,38,0.483
40,24,36,0.4917
40,26,34,0.5016
40,28,32,0.5124
40,30,30,0.5234
40,32,28,0.5345
40,34,26,0.5452
40,36,24,0.5556
40,38,22,0.5653
40,40,20,0.5745
40,42,18,0.5828
40,44,16,0.5904
40,46,14,0.5972
40,48,12,0.6034
40,50,10,0.6091
40,52,8,0.6144
40,54,6,0.6191
40,56,4,0.623
40,58,2,0.6261
40,60,0,0.6289
42,0,58,0.5737
42,2,56,0.5458
42,4,54,0.5205
42,6,52,0.4992
42,8,50,0.4831
42,10,48,0.4725
42,12,46,0.467
42,14,44,0.4656
42,16,42,0.4676
42,18,40,0.4723
42,20,38,0.4792
42,22,36,0.488
42,24,34,0.498
42,26,32,0.5091
42,28,30,0.5208
42,30,28,0.5327
42,32,26,0.5446
42,34,24,0.5563
42,36,22,0.5675
42,38,20,0.5782
42,40,18,0.5881
42,42,16,0.5973
42,44,14,0.6058
42,46,12,0.6136
42,48,10,0.621
42,50,8,0.6282
42,52,6,0.6353
42,54,4,0.6415
42,56,2,0.6463
42,58,0,0.6496
44,0,56,0.553
44,2,54,0.5261
44,4,52,0.5025
44,6,50,0.4838
44,8,48,0.4714
44,10,46,0.465
44,12,44,0.4631
44,14,42,0.4648
44,16,40,0.4692
44,18,38,0.4759
44,20,36,0.4844
44,22,34,0.4945
44,24,32,0.5057
44,26,30,0.5178
44,28,28,0.5304
44,30,26,0.5432
44,32,24,0.5561
44,34,22,0.5687
44,36,20,0.5809
44,38,18,0.5925
44,40,16,0.6034
44,42,14,0.6136
44,44,12,0.623
44,46,10,0.6319
44,48,8,0.6407
44,50,6,0.6499
44,52,4,0.659
44,54,2,0.6661
44,56,0,0.6706
46,0,54,0.535
46,2,52,0.5095
46,4,50,0.4879
46,6,48,0.4726
46,8,46,0.4648
46,10,44,0.4622
46,12,42,0.4633
46,14,40,0.4672
46,16,38,0.4734
46,18,36,0.4815
46,20,34,0.4913
46,22,32,0.5023
46,24,30,0.5145
46,26,28,0.5274
46,28,26,0.5409
46,30,24,0.5547
46,32,22,0.5686
46,34,20,0.5823
46,36,18,0.5955
46,38,16,0.6082
46,40,14,0.6201
46,42,12,0.6313
46,44,10,0.6418
46,46,8,0.6519
46,48,6,0.6624
46,50,4,0.6742
46,52,2,0.6848
46,54,0,0.6912
48,0,52,0.5209
48,2,50,0.4975
48,4,48,0.4789
48,6,46,0.4683
48,8,44,0.4642
48,10,42,0.4642
48,12,40,0.4671
48,14,38,0.4724
48,16,36,0.4797
48,18,34,0.4887
48,20,32,0.4992
48,22,30,0.5111
48,24,28,0.524
48,26,26,0.5378
48,28,24,0.5523
48,30,22,0.5671
48,32,20,0.5821
48,34,18,0.5969
48,36,16,0.6113
48,38,14,0.625
48,40,12,0.6381
48,42,10,0.6504
48,44,8,0.6622
48,46,6,0.6738
48,48,4,0.6867
48,50,2,0.701
48,52,0,0.7103
50,0,50,0.5119
50,2,48,0.492
50,4,46,0.4779
50,6,44,0.4707
50,8,42,0.4684
50,10,40,0.4696
50,12,38,0.4734
50,14,36,0.4794
50,16,34,0.4873
50,18,32,0.4968
50,20,30,0.5078
50,22,28,0.5203
50,24,26,0.5339
50,26,24,0.5487
50,28,22,0.5642
50,30,20,0.5801
50,32,18,0.5963
50,34,16,0.6123
50,36,14,0.6278
50,38,12,0.6427
50,40,10,0.6569
50,42,8,0.6704
50,44,6,0.6837
50,46,4,0.6976
50,48,2,0.7127
50,50,0,0.7259
52,0,48,0.5087
52,2,46,0.4927
52,4,44,0.4822
52,6,42,0.4768
52,8,40,0.4755
52,10,38,0.4772
52,12,36,0.4813
52,14,34,0.4874
52,16,32,0.4953
52,18,30,0.505
52,20,28,0.5164
52,22,26,0.5294
52,24,24,0.5439
52,26,22,0.5596
52,28,20,0.5762
52,30,18,0.5935
52,32,16,0.6109
52,34,14,0.6281
52,36,12,0.6447
52,38,10,0.6607
52,40,8,0.6759
52,42,6,0.6905
52,44,4,0.705
52,46,2,0.7197
52,48,0,0.733
54,0,46,0.5104
54,2,44,0.4975
54,4,42,0.4892
54,6,40,0.4849
54,8,38,0.484
54,10,36,0.4857
54,12,34,0.4895
54,14,32,0.4953
54,16,30,0.5031
54,18,28,0.5128
54,20,26,0.5244
54,22,24,0.538
54,24,22,0.5534
54,26,20,0.5702
54,28,18,0.5882
54,30,16,0.6067
54,32,14,0.6255
54,34,12,0.6438
54,36,10,0.6614
54,38,8,0.6781
54,40,6,0.6939
54,42,4,0.7089
54,44,2,0.7232
54,46,0,0.736
56,0,44,0.5153
56,2,42,0.5046
56,4,40,0.4976
56,6,38,0.4939
56,8,36,0.4928
56,10,34,0.4939
56,12,32,0.4971
56,14,30,0.5023
56,16,28,0.5096
56,18,26,0.5192
56,20,24,0.5312
56,22,22,0.5456
56,24,20,0.562
56,26,18,0.5802
56,28,16,0.5996
56,30,14,0.6196
56,32,12,0.6396
56,34,10,0.6589
56,36,8,0.6771
56,38,6,0.694
56,40,4,0.7096
56,42,2,0.7238
56,44,0,0.7363
58,0,42,0.5221
58,2,40,0.5129
58,4,38,0.5065
58,6,36,0.5026
58,8,34,0.5008
58,10,32,0.501
58,12,30,0.5031
58,14,28,0.5074
58,16,26,0.5142
58,18,24,0.5238
58,20,22,0.5363
58,22,20,0.5516
58,24,18,0.5694
58,26,16,0.5892
58,28,14,0.6103
58,30,12,0.6317
58,32,10,0.6527
58,34,8,0.6725
58,36,6,0.6907
58,38,4,0.7071
58,40,2,0.7216
58,42,0,0.7339
60,0,40,0.5298
60,2,38,0.5212
60,4,36,0.5148
60,6,34,0.5102
60,8,32,0.5071
60,10,30,0.5058
60,12,28,0.5065
60,14,26,0.5097
60,16,24,0.5161
60,18,22,0.5258
60,20,20,0.5391
60,22,18,0.5558
60,24,16,0.5753
60,26,14,0.597
60,28,12,0.6197
60,30,10,0.6425
60,32,8,0.6641
60,34,6,0.684
60,36,4,0.7015
60,38,2,0.7165
60,40,0,0.729
62,0,38,0.5374
62,2,36,0.5288
62,4,34,0.5216
62,6,32,0.5155
62,8,30,0.5106
62,10,28,0.5072
62,12,26,0.5063
62,14,24,0.5085
62,16,22,0.5145
62,18,20,0.5248
62,20,18,0.5393
62,22,16,0.5577
62,24,14,0.5794
62,26,12,0.6031
62,28,10,0.6276
62,30,8,0.6514
62,32,6,0.6732
62,34,4,0.6923
62,36,2,0.7082
62,38,0,0.7211
64,0,36,0.5439
64,2,34,0.5347
64,4,32,0.5259
64,6,30,0.5176
64,8,28,0.5101
64,10,26,0.5043
64,12,24,0.5015
64,14,22,0.5028
64,16,20,0.509
64,18,18,0.5203
64,20,16,0.5365
64,22,14,0.5572
64,24,12,0.5814
64,26,10,0.6074
64,28,8,0.6335
64,30,6,0.6579
64,32,4,0.6791
64,34,2,0.6965
64,36,0,0.7101
66,0,34,0.5487
66,2,32,0.5379
66,4,30,0.5267
66,6,28,0.5152
66,8,26,0.5043
66,10,24,0.4959
66,12,22,0.4915
66,14,20,0.4924
66,16,18,0.4992
66,18,16,0.5121
66,20,14,0.5306
66,22,12,0.5541
66,24,10,0.5811
66,26,8,0.6095
66,28,6,0.637
66,30,4,0.6611
66,32,2,0.6807
66,34,0,0.6955
68,0,32,0.5507
68,2,30,0.5375
68,4,28,0.5226
68,6,26,0.5068
68,8,24,0.4922
68,10,22,0.4812
68,12,20,0.4759
68,14,18,0.4771
68,16,16,0.4852
68,18,14,0.5001
68,20,12,0.5214
68,22,10,0.548
68,24,8,0.5782
68,26,6,0.609
68,28,4,0.6371
68,30,2,0.6598
68,32,0,0.6765
70,0,30,0.5488
70,2,28,0.532
70,4,26,0.5119
70,6,24,0.4908
70,8,22,0.4726
70,10,20,0.4601
70,12,18,0.4548
70,14,16,0.4571
70,16,14,0.467
70,18,12,0.4843
70,20,10,0.5085
70,22,8,0.5386
70,24,6,0.5721
70,26,4,0.6051
70,28,2,0.6326
70,30,0,0.652
72,0,28,0.5416
72,2,26,0.5193
72,4,24,0.4921
72,6,22,0.466
72,8,20,0.4459
72,10,18,0.4336
72,12,16,0.4295
72,14,14,0.4332
72,16,12,0.4448
72,18,10,0.4641
72,20,8,0.4912
72,22,6,0.5249
72,24,4,0.562
72,26,2,0.5962
72,28,0,0.6205
74,0,26,0.5266
74,2,24,0.4952
74,4,22,0.4612
74,6,20,0.4333
74,8,18,0.4142
74,10,16,0.4039
74,12,14,0.4013
74,14,12,0.406
74,16,10,0.4183
74,18,8,0.4389
74,20,6,0.4682
74,22,4,0.5051
74,24,2,0.5454
74,26,0,0.5785
76,0,24,0.4961
76,2,22,0.4569
76,4,20,0.4222
76,6,18,0.3973
76,8,16,0.382
76,10,14,0.374
76,12,12,0.3718
76,14,10,0.3757
76,16,8,0.3869
76,18,6,0.4071
76,20,4,0.4374
76,22,2,0.476
76,24,0,0.5158
78,0,22,0.4527
78,2,20,0.413
78,4,18,0.3834
78,6,16,0.3651
78,8,14,0.3539
78,10,12,0.3463
78,12,10,0.3418
78,14,8,0.3419
78,16,6,0.3497
78,18,4,0.3679
78,20,2,0.3976
78,22,0,0.4351
80,0,20,0.4103
80,2,18,0.3749
80,4,16,0.3553
80,6,14,0.344
80,8,12,0.3335
80,10,10,0.3218
80,12,8,0.3108
80,14,6,0.3044
80,16,4,0.3068
80,18,2,0.3222
80,20,0,0.352
82,0,18,0.3795
82,2,16,0.3565
82,4,14,0.3481
82,6,12,0.3374
82,8,10,0.3203
82,10,8,0.2989
82,12,6,0.2783
82,14,4,0.264
82,16,2,0.2611
82,18,0,0.2764
84,0,16,0.3812
84,2,14,0.3727
84,4,12,0.3628
84,6,10,0.3415
84,8,8,0.3103
84,10,6,0.2756
84,12,4,0.2452
84,14,2,0.2255
84,16,0,0.2222
86,0,14,0.424
86,2,12,0.4123
86,4,10,0.3875
86,6,8,0.3468
86,8,6,0.2979
86,10,4,0.2507
86,12,2,0.2148
86,14,0,0.1971
88,0,12,0.4794
88,2,10,0.4553
88,4,8,0.407
88,6,6,0.3444
88,8,4,0.2801
88,10,2,0.2256
88,12,0,0.1921
90,0,10,0.5297
90,2,8,0.4814
90,4,6,0.4091
90,6,4,0.3312
90,8,2,0.2589
90,10,0,0.2057
92,0,8,0.5456
92,2,6,0.4766
92,4,4,0.3948
92,6,2,0.3137
92,8,0,0.2447
94,0,6,0.5291
94,2,4,0.4557
94,4,2,0.3758
94,6,0,0.3018
96,0,4,0.5046
96,2,2,0.433
96,4,0,0.3608
98,0,2,0.4806
98,2,0,0.4144
100,0,0,0.4604
