DQ_pct_X,TBZ_pct_Y,THI_pct_Z,accuracy_nnls_Z2
0,10,90,0.8045
0,12,88,0.7791
0,14,86,0.7542
0,16,84,0.7314
0,18,82,0.7148
0,20,80,0.7023
0,22,78,0.6893
0,24,76,0.6724
0,26,74,0.6455
0,28,72,0.6082
0,30,70,0.566
0,32,68,0.5211
0,34,66,0.4749
0,36,64,0.4287
0,38,62,0.3834
0,40,60,0.34
0,42,58,0.2996
0,44,56,0.2632
0,46,54,0.232
0,48,52,0.2075
0,50,50,0.1904
0,52,48,0.1787
0,54,46,0.1745
0,56,44,0.1773
0,58,42,0.1856
0,60,40,0.1983
0,62,38,0.2144
0,64,36,0.2331
0,66,34,0.2534
0,68,32,0.2743
0,70,30,0.2946
0,72,28,0.3127
0,74,26,0.3256
0,76,24,0.3248
0,78,22,0.3128
0,80,20,0.3045
0,82,18,0.311
0,84,16,0.3536
0,86,14,0.4412
0,88,12,0.5466
0,90,10,0.6555
2,8,90,0.8013
2,10,88,0.7755
2,12,86,0.7494
2,14,84,0.7248
2,16,82,0.7039
2,18,80,0.6879
2,20,78,0.6734
2,22,76,0.6567
2,24,74,0.6335
2,26,72,0.6004
2,28,70,0.5601
2,30,68,0.5159
2,32,66,0.4696
2,34,64,0.4226
2,36,62,0.3759
2,38,60,0.3305
2,40,58,0.2874
2,42,56,0.2475
2,44,54,0.2119
2,46,52,0.1819
2,48,50,0.1592
2,50,48,0.1457
2,52,46,0.1415
2,54,44,0.1447
2,56,42,0.1538
2,58,40,0.1676
2,60,38,0.185
2,62,36,0.2052
2,64,34,0.2273
2,66,32,0.2504
2,68,30,0.2733
2,70,28,0.2946
2,72,26,0.3119
2,74,24,0.3205
2,76,22,0.3171
2,78,20,0.3109
2,80,18,0.314
2,82,16,0.3407
2,84,14,0.4063
2,86,12,0.5006
2,88,10,0.6055
2,90,8,0.706
4,6,90,0.7984
4,8,88,0.7725
4,10,86,0.7459
4,12,84,0.7201
4,14,82,0.6964
4,16,80,0.6761
4,18,78,0.658
4,20,76,0.6393
4,22,74,0.6166
4,24,72,0.5871
4,26,70,0.5503
4,28,68,0.5082
4,30,66,0.463
4,32,64,0.4162
4,34,62,0.369
4,36,60,0.3226
4,38,58,0.2778
4,40,56,0.2356
4,42,54,0.1968
4,44,52,0.1624
4,46,50,0.1338
4,48,48,0.1141
4,50,46,0.1089
4,52,44,0.1127
4,54,42,0.1225
4,56,40,0.137
4,58,38,0.1554
4,60,36,0.1768
4,62,34,0.2003
4,64,32,0.2252
4,66,30,0.2503
4,68,28,0.2742
4,70,26,0.2951
4,72,24,0.3103
4,74,22,0.3176
4,76,20,0.3201
4,78,18,0.3267
4,80,16,0.3484
4,82,14,0.3962
4,84,12,0.4715
4,86,10,0.5641
4,88,8,0.6608
4,90,6,0.751
6,4,90,0.7949
6,6,88,0.7692
6,8,86,0.7424
6,10,84,0.7157
6,12,82,0.6901
6,14,80,0.6665
6,16,78,0.6447
6,18,76,0.6231
6,20,74,0.5994
6,22,72,0.5711
6,24,70,0.5371
6,26,68,0.4978
6,28,66,0.4545
6,30,64,0.4089
6,32,62,0.3623
6,34,60,0.3157
6,36,58,0.2703
6,38,56,0.2269
6,40,54,0.1864
6,42,52,0.1498
6,44,50,0.1183
6,46,48,0.0942
6,48,46,0.0828
6,50,44,0.0844
6,52,42,0.0935
6,54,40,0.1079
6,56,38,0.1267
6,58,36,0.1488
6,60,34,0.1734
6,62,32,0.1997
6,64,30,0.2267
6,66,28,0.2531
6,68,26,0.2776
6,70,24,0.2984
6,72,22,0.3142
6,74,20,0.3262
6,76,18,0.3394
6,78,16,0.3615
6,80,14,0.4004
6,82,12,0.4603
6,84,10,0.538
6,86,8,0.6252
6,88,6,0.713
6,90,4,0.7957
8,2,90,0.7902
8,4,88,0.7649
8,6,86,0.7382
8,8,84,0.7109
8,10,82,0.684
8,12,80,0.658
8,14,78,0.6332
8,16,76,0.6088
8,18,74,0.5833
8,20,72,0.5549
8,22,70,0.5224
8,24,68,0.4853
8,26,66,0.4443
8,28,64,0.4005
8,30,62,0.3551
8,32,60,0.3093
8,34,58,0.2641
8,36,56,0.2205
8,38,54,0.1794
8,40,52,0.142
8,42,50,0.1093
8,44,48,0.0835
8,46,46,0.0674
8,48,44,0.0634
8,50,42,0.0692
8,52,40,0.0821
8,54,38,0.1002
8,56,36,0.1223
8,58,34,0.1475
8,60,32,0.1748
8,62,30,0.2034
8,64,28,0.2321
8,66,26,0.26
8,68,24,0.2857
8,70,22,0.3084
8,72,20,0.3287
8,74,18,0.3491
8,76,16,0.3745
8,78,14,0.4104
8,80,12,0.4609
8,82,10,0.5261
8,84,8,0.6023
8,86,6,0.6834
8,88,4,0.764
8,90,2,0.8411
10,0,90,0.7826
10,2,88,0.7586
10,4,86,0.7324
10,6,84,0.7051
10,8,82,0.6774
10,10,80,0.6499
10,12,78,0.6229
10,14,76,0.5961
10,16,74,0.5687
10,18,72,0.5395
10,20,70,0.5074
10,22,68,0.4718
10,24,66,0.4328
10,26,64,0.391
10,28,62,0.3473
10,30,60,0.3028
10,32,58,0.2585
10,34,56,0.2155
10,36,54,0.1746
10,38,52,0.1371
10,40,50,0.1041
10,42,48,0.0772
10,44,46,0.0585
10,46,44,0.0498
10,48,42,0.0512
10,50,40,0.0609
10,52,38,0.0771
10,54,36,0.0983
10,56,34,0.1233
10,58,32,0.1511
10,60,30,0.1809
10,62,28,0.2116
10,64,26,0.2424
10,66,24,0.2724
10,68,22,0.3008
10,70,20,0.3279
10,72,18,0.3551
10,74,16,0.3851
10,76,14,0.4217
10,78,12,0.4678
10,80,10,0.5248
10,82,8,0.5914
10,84,6,0.6643
10,86,4,0.7397
10,88,2,0.8149
10,90,0,0.8878
12,0,88,0.7494
12,2,86,0.7245
12,4,84,0.6977
12,6,82,0.6699
12,8,80,0.6416
12,10,78,0.6132
12,12,76,0.5846
12,14,74,0.5556
12,16,72,0.5254
12,18,70,0.4931
12,20,68,0.4583
12,22,66,0.4207
12,24,64,0.3807
12,26,62,0.3388
12,28,60,0.296
12,30,58,0.253
12,32,56,0.211
12,34,54,0.1709
12,36,52,0.1338
12,38,50,0.1008
12,40,48,0.0734
12,42,46,0.053
12,44,44,0.0412
12,46,42,0.0386
12,48,40,0.0446
12,50,38,0.058
12,52,36,0.0774
12,54,34,0.1014
12,56,32,0.1291
12,58,30,0.1595
12,60,28,0.1918
12,62,26,0.225
12,64,24,0.2585
12,66,22,0.2917
12,68,20,0.3245
12,70,18,0.3577
12,72,16,0.3927
12,74,14,0.4319
12,76,12,0.4773
12,78,10,0.5302
12,80,8,0.5901
12,82,6,0.6556
12,84,4,0.7245
12,86,2,0.7953
12,88,0,0.8664
14,0,86,0.714
14,2,84,0.6884
14,4,82,0.661
14,6,80,0.6325
14,8,78,0.6034
14,10,76,0.5737
14,12,74,0.5435
14,14,72,0.5123
14,16,70,0.4797
14,18,68,0.4452
14,20,66,0.4086
14,22,64,0.3701
14,24,62,0.3299
14,26,60,0.2887
14,28,58,0.2473
14,30,56,0.2067
14,32,54,0.1677
14,34,52,0.1313
14,36,50,0.0987
14,38,48,0.0711
14,40,46,0.0496
14,42,44,0.0357
14,44,42,0.03
14,46,40,0.0326
14,48,38,0.0429
14,50,36,0.0599
14,52,34,0.0824
14,54,32,0.1093
14,56,30,0.1397
14,58,28,0.1728
14,60,26,0.2078
14,62,24,0.2441
14,64,22,0.2811
14,66,20,0.3186
14,68,18,0.357
14,70,16,0.397
14,72,14,0.4398
14,74,12,0.4868
14,76,10,0.5388
14,78,8,0.5955
14,80,6,0.656
14,82,4,0.719
14,84,2,0.7839
14,86,0,0.8512
16,0,84,0.6769
16,2,82,0.6505
16,4,80,0.6224
16,6,78,0.5931
16,8,76,0.5629
16,10,74,0.5319
16,12,72,0.5
16,14,70,0.467
16,16,68,0.4327
16,18,66,0.3968
16,20,64,0.3593
16,22,62,0.3206
16,24,60,0.281
16,26,58,0.2413
16,28,56,0.2021
16,30,54,0.1644
16,32,52,0.129
16,34,50,0.097
16,36,48,0.0695
16,38,46,0.0475
16,40,44,0.0321
16,42,42,0.0241
16,44,40,0.0239
16,46,38,0.0313
16,48,36,0.0457
16,50,34,0.0661
16,52,32,0.0917
16,54,30,0.1216
16,56,28,0.155
16,58,26,0.1911
16,60,24,0.2293
16,62,22,0.2692
16,64,20,0.3104
16,66,18,0.3531
16,68,16,0.3976
16,70,14,0.4445
16,72,12,0.4945
16,74,10,0.5478
16,76,8,0.6043
16,78,6,0.663
16,80,4,0.7224
16,82,2,0.7822
16,84,0,0.8436
18,0,82,0.6382
18,2,80,0.6109
18,4,78,0.582
18,6,76,0.5518
18,8,74,0.5205
18,10,72,0.4882
18,12,70,0.455
18,14,68,0.4207
18,16,66,0.3853
18,18,64,0.3487
18,20,62,0.3112
18,22,60,0.2731
18,24,58,0.2349
18,26,56,0.1972
18,28,54,0.1609
18,30,52,0.1266
18,32,50,0.0954
18,34,48,0.0682
18,36,46,0.046
18,38,44,0.0296
18,40,42,0.02
18,42,40,0.0176
18,44,38,0.0224
18,46,36,0.0343
18,48,34,0.0526
18,50,32,0.0765
18,52,30,0.1053
18,54,28,0.1383
18,56,26,0.1748
18,58,24,0.2142
18,60,22,0.2561
18,62,20,0.3002
18,64,18,0.3463
18,66,16,0.3946
18,68,14,0.4454
18,70,12,0.4988
18,72,10,0.5549
18,74,8,0.6134
18,76,6,0.673
18,78,4,0.7322
18,80,2,0.79
18,82,0,0.8471
20,0,80,0.598
20,2,78,0.5699
20,4,76,0.5401
20,6,74,0.5089
20,8,72,0.4766
20,10,70,0.4433
20,12,68,0.4091
20,14,66,0.3741
20,16,64,0.3382
20,18,62,0.3018
20,20,60,0.265
20,22,58,0.2282
20,24,56,0.192
20,26,54,0.157
20,28,52,0.124
20,30,50,0.0937
20,32,48,0.067
20,34,46,0.0448
20,36,44,0.0279
20,38,42,0.0171
20,40,40,0.0129
20,42,38,0.0157
20,44,36,0.0253
20,46,34,0.0414
20,48,32,0.0635
20,50,30,0.0909
20,52,28,0.1231
20,54,26,0.1593
20,56,24,0.1992
20,58,22,0.2423
20,60,20,0.2882
20,62,18,0.3369
20,64,16,0.3881
20,66,14,0.4421
20,68,12,0.4988
20,70,10,0.5581
20,72,8,0.6196
20,74,6,0.6821
20,76,4,0.7438
20,78,2,0.8027
20,80,0,0.8584
22,0,78,0.5566
22,2,76,0.5276
22,4,74,0.4969
22,6,72,0.4648
22,8,70,0.4316
22,10,68,0.3977
22,12,66,0.3631
22,14,64,0.3279
22,16,62,0.2923
22,18,60,0.2567
22,20,58,0.2212
22,22,56,0.1864
22,24,54,0.1528
22,26,52,0.121
22,28,50,0.0917
22,30,48,0.0657
22,32,46,0.0437
22,34,44,0.0265
22,36,42,0.0149
22,38,40,0.0094
22,40,38,0.0104
22,42,36,0.0181
22,44,34,0.0322
22,46,32,0.0524
22,48,30,0.0783
22,50,28,0.1092
22,52,26,0.1448
22,54,24,0.1845
22,56,22,0.2279
22,58,20,0.2749
22,60,18,0.3251
22,62,16,0.3784
22,64,14,0.4348
22,66,12,0.4942
22,68,10,0.5563
22,70,8,0.6208
22,72,6,0.6867
22,74,4,0.7525
22,76,2,0.8152
22,78,0,0.872
24,0,76,0.5141
24,2,74,0.4842
24,4,72,0.4526
24,6,70,0.4198
24,8,68,0.3862
24,10,66,0.3521
24,12,64,0.3176
24,14,62,0.2829
24,16,60,0.2482
24,18,58,0.214
24,20,56,0.1805
24,22,54,0.1482
24,24,52,0.1176
24,26,50,0.0894
24,28,48,0.0642
24,30,46,0.0427
24,32,44,0.0255
24,34,42,0.0133
24,36,40,0.0068
24,38,38,0.0065
24,40,36,0.0125
24,42,34,0.0248
24,44,32,0.0432
24,46,30,0.0674
24,48,28,0.0969
24,50,26,0.1313
24,52,24,0.1703
24,54,22,0.2135
24,56,20,0.2606
24,58,18,0.3116
24,60,16,0.3661
24,62,14,0.424
24,64,12,0.4852
24,66,10,0.5494
24,68,8,0.6161
24,70,6,0.6847
24,72,4,0.7539
24,74,2,0.8217
24,76,0,0.8831
26,0,74,0.4705
26,2,72,0.4397
26,4,70,0.4076
26,6,68,0.3746
26,8,66,0.3411
26,10,64,0.3072
26,12,62,0.2733
26,14,60,0.2396
26,16,58,0.2065
26,18,56,0.1742
26,20,54,0.1432
26,22,52,0.1139
26,24,50,0.0868
26,26,48,0.0626
26,28,46,0.0416
26,30,44,0.0246
26,32,42,0.0122
26,34,40,0.005
26,36,38,0.0035
26,38,36,0.0081
26,40,34,0.0189
26,42,32,0.0357
26,44,30,0.0583
26,46,28,0.0862
26,48,26,0.1192
26,50,24,0.157
26,52,22,0.1993
26,54,20,0.246
26,56,18,0.2968
26,58,16,0.3517
26,60,14,0.4103
26,62,12,0.4725
26,64,10,0.5379
26,66,8,0.606
26,68,6,0.6761
26,70,4,0.7471
26,72,2,0.8175
26,74,0,0.884
28,0,72,0.4259
28,2,70,0.3948
28,4,68,0.3626
28,6,66,0.3298
28,8,64,0.2967
28,10,62,0.2636
28,12,60,0.2308
28,14,58,0.1987
28,16,56,0.1676
28,18,54,0.1378
28,20,52,0.1098
28,22,50,0.0839
28,24,48,0.0606
28,26,46,0.0405
28,28,44,0.024
28,30,42,0.0116
28,32,40,0.004
28,34,38,0.0016
28,36,36,0.0049
28,38,34,0.0144
28,40,32,0.0298
28,42,30,0.0508
28,44,28,0.0772
28,46,26,0.1087
28,48,24,0.145
28,50,22,0.186
28,52,20,0.2316
28,54,18,0.2816
28,56,16,0.336
28,58,14,0.3946
28,60,12,0.4569
28,62,10,0.5228
28,64,8,0.5915
28,66,6,0.6623
28,68,4,0.7341
28,70,2,0.8053
28,72,0,0.8736
30,0,70,0.3814
30,2,68,0.3502
30,4,66,0.3182
30,6,64,0.286
30,8,62,0.2537
30,10,60,0.2218
30,12,58,0.1907
30,14,56,0.1606
30,16,54,0.132
30,18,52,0.1052
30,20,50,0.0805
30,22,48,0.0584
30,24,46,0.0393
30,26,44,0.0235
30,28,42,0.0115
30,30,40,0.0037
30,32,38,0.0007
30,34,36,0.003
30,36,34,0.0112
30,38,32,0.0254
30,40,30,0.0451
30,42,28,0.0701
30,44,26,0.1
30,46,24,0.1347
30,48,22,0.174
30,50,20,0.218
30,52,18,0.2666
30,54,16,0.3199
30,56,14,0.3776
30,58,12,0.4395
30,60,10,0.5051
30,62,8,0.5739
30,64,6,0.6448
30,66,4,0.7168
30,68,2,0.7885
30,70,0,0.8579
32,0,68,0.3374
32,2,66,0.3065
32,4,64,0.2751
32,6,62,0.2437
32,8,60,0.2127
32,10,58,0.1824
32,12,56,0.1534
32,14,54,0.1258
32,16,52,0.1002
32,18,50,0.0767
32,20,48,0.0558
32,22,46,0.0378
32,24,44,0.0229
32,26,42,0.0116
32,28,40,0.0042
32,30,38,0.001
32,32,36,0.0026
32,34,34,0.0096
32,36,32,0.0227
32,38,30,0.0414
32,40,28,0.065
32,42,26,0.0934
32,44,24,0.1264
32,46,22,0.1639
32,48,20,0.2059
32,50,18,0.2526
32,52,16,0.3041
32,54,14,0.3603
32,56,12,0.4211
32,58,10,0.4859
32,60,8,0.5542
32,62,6,0.6249
32,64,4,0.6969
32,66,2,0.7689
32,68,0,0.839
34,0,66,0.2945
34,2,64,0.2641
34,4,62,0.2335
34,6,60,0.2034
34,8,58,0.174
34,10,56,0.1458
34,12,54,0.1193
34,14,52,0.0947
34,16,50,0.0724
34,18,48,0.0527
34,20,46,0.0359
34,22,44,0.0222
34,24,42,0.0118
34,26,40,0.0051
34,28,38,0.0023
34,30,36,0.0038
34,32,34,0.0101
34,34,32,0.0221
34,36,30,0.0397
34,38,28,0.0622
34,40,26,0.0892
34,42,24,0.1205
34,44,22,0.156
34,46,20,0.196
34,48,18,0.2404
34,50,16,0.2896
34,52,14,0.3436
34,54,12,0.4026
34,56,10,0.4661
34,58,8,0.5335
34,60,6,0.6037
34,62,4,0.6756
34,64,2,0.7476
34,66,0,0.8184
36,0,64,0.2531
36,2,62,0.2235
36,4,60,0.1941
36,6,58,0.1655
36,8,56,0.1381
36,10,54,0.1124
36,12,52,0.0888
36,14,50,0.0676
36,16,48,0.0491
36,18,46,0.0336
36,20,44,0.0211
36,22,42,0.0118
36,24,40,0.0061
36,26,38,0.0041
36,28,36,0.0062
36,30,34,0.0126
36,32,32,0.0238
36,34,30,0.0404
36,36,28,0.0617
36,38,26,0.0875
36,40,24,0.1173
36,42,22,0.151
36,44,20,0.1888
36,46,18,0.2307
36,48,16,0.2772
36,50,14,0.3285
36,52,12,0.385
36,54,10,0.4465
36,56,8,0.5126
36,58,6,0.5821
36,60,4,0.6536
36,62,2,0.7257
36,64,0,0.7969
38,0,62,0.2136
38,2,60,0.185
38,4,58,0.1571
38,6,56,0.1304
38,8,54,0.1054
38,10,52,0.0826
38,12,50,0.0623
38,14,48,0.045
38,16,46,0.0306
38,18,44,0.0194
38,20,42,0.0115
38,22,40,0.0069
38,24,38,0.006
38,26,36,0.0089
38,28,34,0.0159
38,30,32,0.0272
38,32,30,0.0431
38,34,28,0.0636
38,36,26,0.0883
38,38,24,0.1168
38,40,22,0.149
38,42,20,0.1848
38,44,18,0.2243
38,46,16,0.2679
38,48,14,0.316
38,50,12,0.3694
38,52,10,0.4282
38,54,8,0.4924
38,56,6,0.5608
38,58,4,0.6319
38,60,2,0.704
38,62,0,0.7754
40,0,60,0.1762
40,2,58,0.1491
40,4,56,0.1229
40,6,54,0.0984
40,8,52,0.0762
40,10,50,0.0567
40,12,48,0.0403
40,14,46,0.0271
40,16,44,0.0171
40,18,42,0.0105
40,20,40,0.0073
40,22,38,0.0076
40,24,36,0.0115
40,26,34,0.0193
40,28,32,0.0312
40,30,30,0.0471
40,32,28,0.0673
40,34,26,0.0914
40,36,24,0.1191
40,38,22,0.1501
40,40,20,0.1843
40,42,18,0.2217
40,44,16,0.2625
40,46,14,0.3074
40,48,12,0.357
40,50,10,0.4123
40,52,8,0.4737
40,54,6,0.5406
40,56,4,0.6112
40,58,2,0.6832
40,60,0,0.7548
42,0,58,0.1415
42,2,56,0.116
42,4,54,0.0919
42,6,52,0.0699
42,8,50,0.0509
42,10,48,0.0352
42,12,46,0.023
42,14,44,0.0142
42,16,42,0.0089
42,18,40,0.0069
42,20,38,0.0085
42,22,36,0.0136
42,24,34,0.0225
42,26,32,0.0352
42,28,30,0.0517
42,30,28,0.0721
42,32,26,0.0961
42,34,24,0.1235
42,36,22,0.1539
42,38,20,0.1871
42,40,18,0.223
42,42,16,0.2617
42,44,14,0.3035
42,46,12,0.3493
42,48,10,0.4002
42,50,8,0.4577
42,52,6,0.5223
42,54,4,0.5922
42,56,2,0.6642
42,58,0,0.736
44,0,56,0.1097
44,2,54,0.0861
44,4,52,0.0643
44,6,50,0.0453
44,8,48,0.03
44,10,46,0.0186
44,12,44,0.0108
44,14,42,0.0066
44,16,40,0.0058
44,18,38,0.0086
44,20,36,0.015
44,22,34,0.0251
44,24,32,0.0388
44,26,30,0.0563
44,28,28,0.0773
44,30,26,0.1018
44,32,24,0.1295
44,34,22,0.1599
44,36,20,0.1929
44,38,18,0.228
44,40,16,0.2654
44,42,14,0.3051
44,44,12,0.3476
44,46,10,0.394
44,48,8,0.4463
44,50,6,0.507
44,52,4,0.5756
44,54,2,0.6478
44,56,0,0.7197
46,0,54,0.0812
46,2,52,0.0598
46,4,50,0.0406
46,6,48,0.025
46,8,46,0.0141
46,10,44,0.0071
46,12,42,0.0038
46,14,40,0.0041
46,16,38,0.0079
46,18,36,0.0154
46,20,34,0.0266
46,22,32,0.0415
46,24,30,0.0601
46,26,28,0.0822
46,28,26,0.1077
46,30,24,0.1361
46,32,22,0.1673
46,34,20,0.2007
46,36,18,0.236
46,38,16,0.273
46,40,14,0.3117
46,42,12,0.3523
46,44,10,0.3955
46,46,8,0.4427
46,48,6,0.4969
46,50,4,0.5628
46,52,2,0.6353
46,54,0,0.7072
48,0,52,0.0564
48,2,50,0.0375
48,4,48,0.0214
48,6,46,0.0102
48,8,44,0.0036
48,10,42,0.0008
48,12,40,0.0017
48,14,38,0.0064
48,16,36,0.0148
48,18,34,0.0271
48,20,32,0.0431
48,22,30,0.0628
48,24,28,0.0861
48,26,26,0.1128
48,28,24,0.1426
48,30,22,0.1749
48,32,20,0.2095
48,34,18,0.2457
48,36,16,0.2834
48,38,14,0.3223
48,40,12,0.3625
48,42,10,0.4043
48,44,8,0.4488
48,46,6,0.4978
48,48,4,0.5568
48,50,2,0.6281
48,52,0,0.6996
50,0,50,0.0357
50,2,48,0.02
50,4,46,0.008
50,6,44,0.0008
50,8,42,0.0
50,10,40,0.0
50,12,38,0.0042
50,14,36,0.0132
50,16,34,0.0262
50,18,32,0.0432
50,20,30,0.064
50,22,28,0.0886
50,24,26,0.1166
50,26,24,0.1479
50,28,22,0.1819
50,30,20,0.2181
50,32,18,0.256
50,34,16,0.2952
50,36,14,0.3353
50,38,12,0.3763
50,40,10,0.4183
50,42,8,0.4622
50,44,6,0.5096
50,46,4,0.5637
50,48,2,0.6279
50,50,0,0.6975
52,0,48,0.019
52,2,46,0.007
52,4,44,0.0
52,6,42,0.0
52,8,40,0.0
52,10,38,0.0015
52,12,36,0.0108
52,14,34,0.0241
52,16,32,0.0417
52,18,30,0.0634
52,20,28,0.089
52,22,26,0.1184
52,24,24,0.1513
52,26,22,0.1871
52,28,20,0.2254
52,30,18,0.2655
52,32,16,0.3068
52,34,14,0.349
52,36,12,0.3916
52,38,10,0.4348
52,40,8,0.4791
52,42,6,0.5259
52,44,4,0.5769
52,46,2,0.6345
52,48,0,0.6976
54,0,46,0.0062
54,2,44,0.0
54,4,42,0.0
54,6,40,0.0
54,8,38,0.0
54,10,36,0.0075
54,12,34,0.0209
54,14,32,0.0386
54,16,30,0.0608
54,18,28,0.0872
54,20,26,0.1178
54,22,24,0.1521
54,24,22,0.1898
54,26,20,0.2302
54,28,18,0.2728
54,30,16,0.3168
54,32,14,0.3616
54,34,12,0.4066
54,36,10,0.4518
54,38,8,0.4972
54,40,6,0.5438
54,42,4,0.5929
54,44,2,0.6457
54,46,0,0.7026
56,0,44,0.0
56,2,42,0.0
56,4,40,0.0
56,6,38,0.0
56,8,36,0.0037
56,10,34,0.0166
56,12,32,0.0341
56,14,30,0.0562
56,16,28,0.083
56,18,26,0.1143
56,20,24,0.1497
56,22,22,0.189
56,24,20,0.2316
56,26,18,0.2768
56,28,16,0.3238
56,30,14,0.3716
56,32,12,0.4197
56,34,10,0.4674
56,36,8,0.5147
56,38,6,0.5619
56,40,4,0.6099
56,42,2,0.6596
56,44,0,0.7116
58,0,42,0.0
58,2,40,0.0
58,4,38,0.0
58,6,36,0.0
58,8,34,0.0114
58,10,32,0.0282
58,12,30,0.0498
58,14,28,0.0764
58,16,26,0.1078
58,18,24,0.1439
58,20,22,0.1844
58,22,20,0.2288
58,24,18,0.2764
58,26,16,0.3263
58,28,14,0.3776
58,30,12,0.4292
58,32,10,0.4802
58,34,8,0.5301
58,36,6,0.5787
58,38,4,0.6266
58,40,2,0.6744
58,42,0,0.7229
60,0,40,0.0
60,2,38,0.0
60,4,36,0.0
60,6,34,0.0057
60,8,32,0.0213
60,10,30,0.0419
60,12,28,0.0676
60,14,26,0.0986
60,16,24,0.1347
60,18,22,0.1756
60,20,20,0.2212
60,22,18,0.2707
60,24,16,0.3234
60,26,14,0.3781
60,28,12,0.4336
60,30,10,0.4885
60,32,8,0.5418
60,34,6,0.5928
60,36,4,0.6416
60,38,2,0.6886
60,40,0,0.7347
62,0,38,0.0
62,2,36,0.0
62,4,34,0.0
62,6,32,0.0137
62,8,30,0.0328
62,10,28,0.0571
62,12,26,0.0869
62,14,24,0.1221
62,16,22,0.1628
62,18,20,0.2086
62,20,18,0.2592
62,22,16,0.314
62,24,14,0.3717
62,26,12,0.4312
62,28,10,0.4906
62,30,8,0.5482
62,32,6,0.6027
62,34,4,0.6535
62,36,2,0.7009
62,38,0,0.7457
64,0,36,0.0
64,2,34,0.0
64,4,32,0.006
64,6,30,0.023
64,8,28,0.0454
64,10,26,0.0733
64,12,24,0.1069
64,14,22,0.1463
64,16,20,0.1914
64,18,18,0.242
64,20,16,0.2976
64,22,14,0.3576
64,24,12,0.4205
64,26,10,0.4845
64,28,8,0.5472
64,30,6,0.6065
64,32,4,0.6608
64,34,2,0.7097
64,36,0,0.7543
66,0,34,0.0
66,2,32,0.0
66,4,30,0.0132
66,6,28,0.0331
66,8,26,0.0586
66,10,24,0.0899
66,12,22,0.127
66,14,20,0.1702
66,16,18,0.2194
66,18,16,0.2745
66,20,14,0.3352
66,22,12,0.4004
66,24,10,0.4684
66,26,8,0.5366
66,28,6,0.6019
66,30,4,0.6612
66,32,2,0.7133
66,34,0,0.7588
68,0,32,0.0
68,2,30,0.0041
68,4,28,0.0212
68,6,26,0.0437
68,8,24,0.0719
68,10,22,0.1061
68,12,20,0.1462
68,14,18,0.1927
68,16,16,0.2455
68,18,14,0.3049
68,20,12,0.3703
68,22,10,0.4408
68,24,8,0.5139
68,26,6,0.5859
68,28,4,0.6523
68,30,2,0.7096
68,32,0,0.7573
70,0,30,0.0
70,2,28,0.0104
70,4,26,0.0296
70,6,24,0.0543
70,8,22,0.0848
70,10,20,0.1211
70,12,18,0.1636
70,14,16,0.2124
70,16,14,0.2682
70,18,12,0.3312
70,20,10,0.4012
70,22,8,0.4769
70,24,6,0.5551
70,26,4,0.6302
70,28,2,0.6954
70,30,0,0.7475
72,0,28,0.0016
72,2,26,0.0172
72,4,24,0.0383
72,6,22,0.0647
72,8,20,0.0966
72,10,18,0.1342
72,12,16,0.1778
72,14,14,0.2279
72,16,12,0.2856
72,18,10,0.3513
72,20,8,0.4254
72,22,6,0.5062
72,24,4,0.5895
72,26,2,0.6661
72,28,0,0.7259
74,0,26,0.0078
74,2,24,0.0249
74,4,22,0.0472
74,6,20,0.0745
74,8,18,0.1068
74,10,16,0.1443
74,12,14,0.1875
74,14,12,0.2373
74,16,10,0.2952
74,18,8,0.3625
74,20,6,0.4397
74,22,4,0.5251
74,24,2,0.6126
74,26,0,0.6867
76,0,24,0.0155
76,2,22,0.0336
76,4,20,0.0562
76,6,18,0.0834
76,8,16,0.1148
76,10,14,0.1504
76,12,12,0.1912
76,14,10,0.2386
76,16,8,0.2947
76,18,6,0.3616
76,20,4,0.4402
76,22,2,0.5275
76,24,0,0.6135
78,0,22,0.025
78,2,20,0.0431
78,4,18,0.0654
78,6,16,0.0913
78,8,14,0.12
78,10,12,0.1516
78,12,10,0.1876
78,14,8,0.2302
78,16,6,0.2822
78,18,4,0.3466
78,20,2,0.4242
78,22,0,0.509
80,0,20,0.0359
80,2,18,0.0536
80,4,16,0.0751
80,6,14,0.0983
80,8,12,0.1221
80,10,10,0.1473
80,12,8,0.1762
80,14,6,0.2118
80,16,4,0.2578
80,18,2,0.3186
80,20,0,0.3955
82,0,18,0.0488
82,2,16,0.0666
82,4,14,0.0863
82,6,12,0.1043
82,8,10,0.1206
82,10,8,0.1374
82,12,6,0.158
82,14,4,0.186
82,16,2,0.2259
82,18,0,0.2864
84,0,16,0.0667
84,2,14,0.0842
84,4,12,0.0986
84,6,10,0.1083
84,8,8,0.1152
84,10,6,0.1232
84,12,4,0.1368
84,14,2,0.1604
84,16,0,0.2
86,0,14,0.0906
86,2,12,0.1037
86,4,10,0.1095
86,6,8,0.1088
86,8,6,0.1064
86,10,4,0.1079
86,12,2,0.1193
86,14,0,0.1464
88,0,12,0.1148
88,2,10,0.1207
88,4,8,0.1154
88,6,6,0.1047
88,8,4,0.0957
88,10,2,0.0954
88,12,0,0.111
90,0,10,0.1345
90,2,8,0.1292
90,4,6,0.1135
90,6,4,0.097
90,8,2,0.0863
90,10,0,0.0896
