DQ_pct_X,TBZ_pct_Y,THI_pct_Z,type,condition,subset,accuracy
0.0,25.0,75.0,true,DQ0-TB50-TH150,binary,0.6864
11.79,44.57,43.64,pred,DQ0-TB50-TH150,binary,0.6864
,,,,,,
0.0,16.67,83.33,true,DQ0-TB50-TH250,binary,0.8563
2.16,2.3,95.54,pred,DQ0-TB50-TH250,binary,0.8563
,,,,,,
0.0,9.09,90.91,true,DQ0-TB50-TH500,binary,0.8966
10.34,2.84,86.82,pred,DQ0-TB50-TH500,binary,0.8966
,,,,,,
0.0,75.0,25.0,true,DQ0-TB150-TH50,binary,0.7375
9.29,48.75,41.95,pred,DQ0-TB150-TH50,binary,0.7375
,,,,,,
0.0,83.33,16.67,true,DQ0-TB250-TH50,binary,0.5718
16.84,40.52,42.65,pred,DQ0-TB250-TH50,binary,0.5718
,,,,,,
0.0,90.91,9.09,true,DQ0-TB500-TH50,binary,0.9569
2.15,93.07,4.78,pred,DQ0-TB500-TH50,binary,0.9569
,,,,,,
0.0,50.0,50.0,true,DQ0-TB500-TH500,binary,0.9565
2.35,52.0,45.64,pred,DQ0-TB500-TH500,binary,0.9565
,,,,,,
33.33,33.33,33.33,true,DQ3-TB3-TH3,ternary,0.8917
44.17,32.23,23.6,pred,DQ3-TB3-TH3,ternary,0.8917
,,,,,,
25.0,25.0,50.0,true,DQ3-TB3-TH6,ternary,0.9373
24.98,31.27,43.75,pred,DQ3-TB3-TH6,ternary,0.9373
,,,,,,
16.67,16.67,66.67,true,DQ3-TB3-TH12,ternary,0.9558
20.56,17.19,62.25,pred,DQ3-TB3-TH12,ternary,0.9558
,,,,,,
10.0,10.0,80.0,true,DQ3-TB3-TH24,ternary,0.7865
24.61,16.74,58.65,pred,DQ3-TB3-TH24,ternary,0.7865
,,,,,,
25.0,50.0,25.0,true,DQ3-TB6-TH3,ternary,0.7406
34.69,24.06,41.25,pred,DQ3-TB6-TH3,ternary,0.7406
,,,,,,
20.0,40.0,40.0,true,DQ3-TB6-TH6,ternary,0.8866
31.34,28.96,39.7,pred,DQ3-TB6-TH6,ternary,0.8866
,,,,,,
14.29,28.57,57.14,true,DQ3-TB6-TH12,ternary,0.9045
23.84,25.66,50.5,pred,DQ3-TB6-TH12,ternary,0.9045
,,,,,,
9.09,18.18,72.73,true,DQ3-TB6-TH24,ternary,0.8206
27.03,12.31,60.66,pred,DQ3-TB6-TH24,ternary,0.8206
,,,,,,
16.67,66.67,16.67,true,DQ3-TB12-TH3,ternary,0.8588
25.3,52.54,22.16,pred,DQ3-TB12-TH3,ternary,0.8588
,,,,,,
14.29,57.14,28.57,true,DQ3-TB12-TH6,ternary,0.7506
29.28,32.2,38.52,pred,DQ3-TB12-TH6,ternary,0.7506
,,,,,,
11.11,44.44,44.44,true,DQ3-TB12-TH12,ternary,0.8619
15.74,30.63,53.63,pred,DQ3-TB12-TH12,ternary,0.8619
,,,,,,
7.69,30.77,61.54,true,DQ3-TB12-TH24,ternary,0.9705
10.64,28.23,61.13,pred,DQ3-TB12-TH24,ternary,0.9705
,,,,,,
10.0,80.0,10.0,true,DQ3-TB24-TH3,ternary,0.5831
30.85,38.3,30.84,pred,DQ3-TB24-TH3,ternary,0.5831
,,,,,,
9.09,72.73,18.18,true,DQ3-TB24-TH6,ternary,0.9092
10.71,80.19,9.09,pred,DQ3-TB24-TH6,ternary,0.9092
,,,,,,
7.69,61.54,30.77,true,DQ3-TB24-TH12,ternary,0.7845
4.78,83.09,12.13,pred,DQ3-TB24-TH12,ternary,0.7845
,,,,,,
5.88,47.06,47.06,true,DQ3-TB24-TH24,ternary,0.8705
18.83,36.8,44.37,pred,DQ3-TB24-TH24,ternary,0.8705
,,,,,,
50.0,25.0,25.0,true,DQ6-TB3-TH3,ternary,0.9701
48.92,23.09,27.99,pred,DQ6-TB3-TH3,ternary,0.9701
,,,,,,
40.0,20.0,40.0,true,DQ6-TB3-TH6,ternary,0.8316
32.71,36.84,30.45,pred,DQ6-TB3-TH6,ternary,0.8316
,,,,,,
28.57,14.29,57.14,true,DQ6-TB3-TH12,ternary,0.8529
34.2,23.37,42.43,pred,DQ6-TB3-TH12,ternary,0.8529
,,,,,,
18.18,9.09,72.73,true,DQ6-TB3-TH24,ternary,0.8664
30.72,9.91,59.37,pred,DQ6-TB3-TH24,ternary,0.8664
,,,,,,
40.0,40.0,20.0,true,DQ6-TB6-TH3,ternary,0.8433
49.47,24.33,26.21,pred,DQ6-TB6-TH3,ternary,0.8433
,,,,,,
33.33,33.33,33.33,true,DQ6-TB6-TH6,ternary,0.8407
46.3,36.29,17.41,pred,DQ6-TB6-TH6,ternary,0.8407
,,,,,,
25.0,25.0,50.0,true,DQ6-TB6-TH12,ternary,0.8907
29.41,31.52,39.07,pred,DQ6-TB6-TH12,ternary,0.8907
,,,,,,
16.67,16.67,66.67,true,DQ6-TB6-TH24,ternary,0.9798
14.9,18.68,66.42,pred,DQ6-TB6-TH24,ternary,0.9798
,,,,,,
28.57,57.14,14.29,true,DQ6-TB12-TH3,ternary,0.7238
42.79,29.51,27.69,pred,DQ6-TB12-TH3,ternary,0.7238
,,,,,,
25.0,50.0,25.0,true,DQ6-TB12-TH6,ternary,0.9019
32.38,40.19,27.43,pred,DQ6-TB12-TH6,ternary,0.9019
,,,,,,
20.0,40.0,40.0,true,DQ6-TB12-TH12,ternary,0.9353
13.89,46.47,39.64,pred,DQ6-TB12-TH12,ternary,0.9353
,,,,,,
14.29,28.57,57.14,true,DQ6-TB12-TH24,ternary,0.8969
8.28,24.27,67.45,pred,DQ6-TB12-TH24,ternary,0.8969
,,,,,,
18.18,72.73,9.09,true,DQ6-TB24-TH3,ternary,0.7984
33.15,52.57,14.28,pred,DQ6-TB24-TH3,ternary,0.7984
,,,,,,
16.67,66.67,16.67,true,DQ6-TB24-TH6,ternary,0.7326
43.41,40.7,15.89,pred,DQ6-TB24-TH6,ternary,0.7326
,,,,,,
14.29,57.14,28.57,true,DQ6-TB24-TH12,ternary,0.9061
12.57,49.47,37.96,pred,DQ6-TB24-TH12,ternary,0.9061
,,,,,,
11.11,44.44,44.44,true,DQ6-TB24-TH24,ternary,0.9158
15.8,36.02,48.18,pred,DQ6-TB24-TH24,ternary,0.9158
,,,,,,
33.33,33.33,33.33,true,DQ10-TB10-TH10,ternary,0.8893
42.02,22.27,35.71,pred,DQ10-TB10-TH10,ternary,0.8893
,,,,,,
66.67,16.67,16.67,true,DQ12-TB3-TH3,ternary,0.8185
48.51,24.54,26.94,pred,DQ12-TB3-TH3,ternary,0.8185
,,,,,,
57.14,14.29,28.57,true,DQ12-TB3-TH6,ternary,0.929
50.11,21.39,28.5,pred,DQ12-TB3-TH6,ternary,0.929
,,,,,,
44.44,11.11,44.44,true,DQ12-TB3-TH12,ternary,0.9005
47.96,17.54,34.49,pred,DQ12-TB3-TH12,ternary,0.9005
,,,,,,
30.77,7.69,61.54,true,DQ12-TB3-TH24,ternary,0.793
37.64,21.52,40.84,pred,DQ12-TB3-TH24,ternary,0.793
,,,,,,
57.14,28.57,14.29,true,DQ12-TB6-TH3,ternary,0.778
39.02,50.78,10.21,pred,DQ12-TB6-TH3,ternary,0.778
,,,,,,
50.0,25.0,25.0,true,DQ12-TB6-TH6,ternary,0.9341
43.41,28.61,27.98,pred,DQ12-TB6-TH6,ternary,0.9341
,,,,,,
40.0,20.0,40.0,true,DQ12-TB6-TH12,ternary,0.8591
34.9,34.09,31.01,pred,DQ12-TB6-TH12,ternary,0.8591
,,,,,,
28.57,14.29,57.14,true,DQ12-TB6-TH24,ternary,0.7865
45.05,19.16,35.79,pred,DQ12-TB6-TH24,ternary,0.7865
,,,,,,
44.44,44.44,11.11,true,DQ12-TB12-TH3,ternary,0.85
59.44,33.1,7.46,pred,DQ12-TB12-TH3,ternary,0.85
,,,,,,
40.0,40.0,20.0,true,DQ12-TB12-TH6,ternary,0.9183
48.17,36.17,15.65,pred,DQ12-TB12-TH6,ternary,0.9183
,,,,,,
33.33,33.33,33.33,true,DQ12-TB12-TH12,ternary,0.9284
26.17,35.45,38.38,pred,DQ12-TB12-TH12,ternary,0.9284
,,,,,,
25.0,25.0,50.0,true,DQ12-TB12-TH24,ternary,0.7868
10.62,46.32,43.06,pred,DQ12-TB12-TH24,ternary,0.7868
,,,,,,
30.77,61.54,7.69,true,DQ12-TB24-TH3,ternary,0.943
25.07,61.74,13.19,pred,DQ12-TB24-TH3,ternary,0.943
,,,,,,
28.57,57.14,14.29,true,DQ12-TB24-TH6,ternary,0.849
24.46,72.24,3.3,pred,DQ12-TB24-TH6,ternary,0.849
,,,,,,
25.0,50.0,25.0,true,DQ12-TB24-TH12,ternary,0.7849
4.46,71.51,24.03,pred,DQ12-TB24-TH12,ternary,0.7849
,,,,,,
20.0,40.0,40.0,true,DQ12-TB24-TH24,ternary,0.6986
4.97,70.14,24.89,pred,DQ12-TB24-TH24,ternary,0.6986
,,,,,,
80.0,10.0,10.0,true,DQ24-TB3-TH3,ternary,0.9384
75.91,16.16,7.92,pred,DQ24-TB3-TH3,ternary,0.9384
,,,,,,
72.73,9.09,18.18,true,DQ24-TB3-TH6,ternary,0.9534
70.26,13.75,15.99,pred,DQ24-TB3-TH6,ternary,0.9534
,,,,,,
61.54,7.69,30.77,true,DQ24-TB3-TH12,ternary,0.7473
36.27,17.31,46.42,pred,DQ24-TB3-TH12,ternary,0.7473
,,,,,,
47.06,5.88,47.06,true,DQ24-TB3-TH24,ternary,0.7215
19.21,20.82,59.97,pred,DQ24-TB3-TH24,ternary,0.7215
,,,,,,
72.73,18.18,9.09,true,DQ24-TB6-TH3,ternary,0.7931
52.04,35.2,12.76,pred,DQ24-TB6-TH3,ternary,0.7931
,,,,,,
66.67,16.67,16.67,true,DQ24-TB6-TH6,ternary,0.9608
62.75,20.41,16.84,pred,DQ24-TB6-TH6,ternary,0.9608
,,,,,,
57.14,14.29,28.57,true,DQ24-TB6-TH12,ternary,0.8968
67.46,10.71,21.83,pred,DQ24-TB6-TH12,ternary,0.8968
,,,,,,
44.44,11.11,44.44,true,DQ24-TB6-TH24,ternary,0.7662
21.07,26.25,52.68,pred,DQ24-TB6-TH24,ternary,0.7662
,,,,,,
61.54,30.77,7.69,true,DQ24-TB12-TH3,ternary,0.9915
61.3,31.62,7.08,pred,DQ24-TB12-TH3,ternary,0.9915
,,,,,,
57.14,28.57,14.29,true,DQ24-TB12-TH6,ternary,0.8395
41.09,44.43,14.48,pred,DQ24-TB12-TH6,ternary,0.8395
,,,,,,
50.0,25.0,25.0,true,DQ24-TB12-TH12,ternary,0.9361
50.87,18.61,30.52,pred,DQ24-TB12-TH12,ternary,0.9361
,,,,,,
40.0,20.0,40.0,true,DQ24-TB12-TH24,ternary,0.893
50.7,16.82,32.48,pred,DQ24-TB12-TH24,ternary,0.893
,,,,,,
47.06,47.06,5.88,true,DQ24-TB24-TH3,ternary,0.8495
32.33,62.11,5.56,pred,DQ24-TB24-TH3,ternary,0.8495
,,,,,,
44.44,44.44,11.11,true,DQ24-TB24-TH6,ternary,0.7438
18.82,66.61,14.57,pred,DQ24-TB24-TH6,ternary,0.7438
,,,,,,
40.0,40.0,20.0,true,DQ24-TB24-TH12,ternary,0.768
58.45,16.8,24.75,pred,DQ24-TB24-TH12,ternary,0.768
,,,,,,
33.33,33.33,33.33,true,DQ24-TB24-TH24,ternary,0.8482
18.16,44.41,37.43,pred,DQ24-TB24-TH24,ternary,0.8482
,,,,,,
33.33,33.33,33.33,true,DQ33-TB33-TH33,ternary,0.7943
21.2,53.9,24.89,pred,DQ33-TB33-TH33,ternary,0.7943
,,,,,,
4.72,47.64,47.64,true,DQ33-TB333-TH333,ternary,0.5884
15.76,6.48,77.76,pred,DQ33-TB333-TH333,ternary,0.5884
,,,,,,
25.0,0.0,75.0,true,DQ50-TB0-TH150,binary,0.76
1.0,0.26,98.74,pred,DQ50-TB0-TH150,binary,0.76
,,,,,,
16.67,0.0,83.33,true,DQ50-TB0-TH250,binary,0.8694
19.75,9.98,70.27,pred,DQ50-TB0-TH250,binary,0.8694
,,,,,,
9.09,0.0,90.91,true,DQ50-TB0-TH500,binary,0.9602
12.54,0.53,86.93,pred,DQ50-TB0-TH500,binary,0.9602
,,,,,,
25.0,75.0,0.0,true,DQ50-TB150-TH0,binary,0.9672
27.89,71.72,0.39,pred,DQ50-TB150-TH0,binary,0.9672
,,,,,,
16.67,83.33,0.0,true,DQ50-TB250-TH0,binary,0.8377
0.43,98.66,0.9,pred,DQ50-TB250-TH0,binary,0.8377
,,,,,,
9.09,90.91,0.0,true,DQ50-TB500-TH0,binary,0.9093
0.02,99.98,0.0,pred,DQ50-TB500-TH0,binary,0.9093
,,,,,,
33.33,33.33,33.33,true,DQ100-TB100-TH100,ternary,0.3474
1.18,0.22,98.59,pred,DQ100-TB100-TH100,ternary,0.3474
,,,,,,
75.0,0.0,25.0,true,DQ150-TB0-TH50,binary,0.9172
77.94,5.35,16.72,pred,DQ150-TB0-TH50,binary,0.9172
,,,,,,
75.0,25.0,0.0,true,DQ150-TB50-TH0,binary,0.89
64.0,35.38,0.62,pred,DQ150-TB50-TH0,binary,0.89
,,,,,,
83.33,0.0,16.67,true,DQ250-TB0-TH50,binary,0.7312
56.45,3.51,40.04,pred,DQ250-TB0-TH50,binary,0.7312
,,,,,,
83.33,16.67,0.0,true,DQ250-TB50-TH0,binary,0.2577
9.1,90.6,0.31,pred,DQ250-TB50-TH0,binary,0.2577
,,,,,,
47.64,4.72,47.64,true,DQ333-TB33-TH333,ternary,0.5801
9.17,1.2,89.63,pred,DQ333-TB33-TH333,ternary,0.5801
,,,,,,
47.64,47.64,4.72,true,DQ333-TB333-TH33,ternary,0.8367
49.84,31.31,18.85,pred,DQ333-TB333-TH33,ternary,0.8367
,,,,,,
33.33,33.33,33.33,true,DQ333-TB333-TH333,ternary,0.5823
19.42,5.47,75.1,pred,DQ333-TB333-TH333,ternary,0.5823
,,,,,,
90.91,0.0,9.09,true,DQ500-TB0-TH50,binary,0.9225
98.22,0.44,1.34,pred,DQ500-TB0-TH50,binary,0.9225
,,,,,,
50.0,0.0,50.0,true,DQ500-TB0-TH500,binary,0.7472
24.72,12.18,63.1,pred,DQ500-TB0-TH500,binary,0.7472
,,,,,,
90.91,9.09,0.0,true,DQ500-TB50-TH0,binary,0.3846
29.37,68.37,2.26,pred,DQ500-TB50-TH0,binary,0.3846
,,,,,,
50.0,50.0,0.0,true,DQ500-TB500-TH0,binary,0.8373
65.26,33.73,1.01,pred,DQ500-TB500-TH0,binary,0.8373
,,,,,,
