condition,regime,pair,component,DQ_uM,TBZ_uM,THI_uM,nominal_component_uM,apparent_single_calibration_uM,effective_response_factor_Q,log10_effective_response_factor
DQ12-TB12-TH6,low_ternary_64,DQ-TBZ-THI,DQ,12,12,6,12,6.771076088656801,0.5642563407214001,-0.2485235519226098
DQ12-TB12-TH6,low_ternary_64,DQ-TBZ-THI,TBZ,12,12,6,12,2.0849901208061836,0.17374917673384863,-0.7600772445265894
DQ12-TB12-TH6,low_ternary_64,DQ-TBZ-THI,THI,12,12,6,6,5.1070340570288275,0.8511723428381379,-0.06998249636002594
DQ12-TB6-TH3,low_ternary_64,DQ-TBZ-THI,DQ,12,6,3,12,1.011386364466961,0.08428219703891342,-1.074264151879313
DQ12-TB6-TH3,low_ternary_64,DQ-TBZ-THI,TBZ,12,6,3,6,1.3595743424236295,0.22659572373727158,-0.6447482903015268
DQ12-TB6-TH3,low_ternary_64,DQ-TBZ-THI,THI,12,6,3,3,0.9167464364309285,0.30558214547697615,-0.5148720242696145
DQ24-TB6-TH12,low_ternary_64,DQ-TBZ-THI,DQ,24,6,12,24,7.176297152208716,0.29901238134202984,-0.5243108282735852
DQ24-TB6-TH12,low_ternary_64,DQ-TBZ-THI,TBZ,24,6,12,6,1.022833487799188,0.17047224796653135,-0.7683463118972417
DQ24-TB6-TH12,low_ternary_64,DQ-TBZ-THI,THI,24,6,12,12,14.585695925094926,1.2154746604245772,0.08474590933115164
DQ24-TB6-TH3,low_ternary_64,DQ-TBZ-THI,DQ,24,6,3,24,8.346576784471347,0.34777403268630613,-0.45870284867621847
DQ24-TB6-TH3,low_ternary_64,DQ-TBZ-THI,TBZ,24,6,3,6,1.4481113081483603,0.24135188469139338,-0.6173493054722774
DQ24-TB6-TH3,low_ternary_64,DQ-TBZ-THI,THI,24,6,3,3,2.3757497880543643,0.7919165960181215,-0.10132055552725007
DQ250-TB50-TH0,high_binary_21,DQ-TBZ,DQ,250,50,0,250,3.3200958146958617,0.013280383258783448,-1.8767893914760572
DQ250-TB50-TH0,high_binary_21,DQ-TBZ,TBZ,250,50,0,50,4.364236103694405,0.0872847220738881,-1.059061766599839
DQ3-TB12-TH24,low_ternary_64,DQ-TBZ-THI,DQ,3,12,24,3,1.1885867904209315,0.3961955968069772,-0.4020903553826781
DQ3-TB12-TH24,low_ternary_64,DQ-TBZ-THI,TBZ,3,12,24,12,0.9960290679838353,0.08300242233198628,-1.0809092330448413
DQ3-TB12-TH24,low_ternary_64,DQ-TBZ-THI,THI,3,12,24,24,23.143558978148466,0.9643149574228528,-0.01578109687454119
DQ3-TB24-TH12,low_ternary_64,DQ-TBZ-THI,DQ,3,24,12,3,9.323165923456603,3.1077219744855342,0.49244215866565577
DQ3-TB24-TH12,low_ternary_64,DQ-TBZ-THI,TBZ,3,24,12,24,12.629441451377724,0.5262267271407385,-0.2788270978030284
DQ3-TB24-TH12,low_ternary_64,DQ-TBZ-THI,THI,3,24,12,12,4.538694253762157,0.3782245211468464,-0.42225031828964216
DQ3-TB24-TH24,low_ternary_64,DQ-TBZ-THI,DQ,3,24,24,3,2.7653006895497905,0.9217668965165968,-0.035378892781606636
DQ3-TB24-TH24,low_ternary_64,DQ-TBZ-THI,TBZ,3,24,24,24,2.7500318459540307,0.11458466024808461,-0.9408735186296976
DQ3-TB24-TH24,low_ternary_64,DQ-TBZ-THI,THI,3,24,24,24,34.553936469606896,1.4397473529002873,0.1582862887148072
DQ3-TB3-TH24,low_ternary_64,DQ-TBZ-THI,DQ,3,3,24,3,0.9149399063174537,0.30497996877248457,-0.5157286843819403
DQ3-TB3-TH24,low_ternary_64,DQ-TBZ-THI,TBZ,3,3,24,3,1.1950714055353504,0.3983571351784501,-0.39972739955809444
DQ3-TB3-TH24,low_ternary_64,DQ-TBZ-THI,THI,3,3,24,24,100,4.166666666666667,0.619788758288394
DQ3-TB3-TH6,low_ternary_64,DQ-TBZ-THI,DQ,3,3,6,3,3.3423068537674205,1.1141022845891402,0.04692506479949881
DQ3-TB3-TH6,low_ternary_64,DQ-TBZ-THI,TBZ,3,3,6,3,1.1748274447655953,0.39160914825519844,-0.4071471713368647
DQ3-TB3-TH6,low_ternary_64,DQ-TBZ-THI,THI,3,3,6,6,8.565571721231292,1.427595286871882,0.1546051054864016
DQ50-TB0-TH150,high_binary_21,DQ-THI,DQ,50,0,150,50,0.39358262442782593,0.007871652488556518,-2.1039340870403396
DQ50-TB0-TH150,high_binary_21,DQ-THI,THI,50,0,150,150,100,0.6666666666666666,-0.17609125905568127
DQ50-TB0-TH250,high_binary_21,DQ-THI,DQ,50,0,250,50,0.36254295075948817,0.007250859015189764,-2.1396105391590448
DQ50-TB0-TH250,high_binary_21,DQ-THI,THI,50,0,250,250,100,0.4,-0.3979400086720376
DQ500-TB500-TH0,high_binary_21,DQ-TBZ,DQ,500,500,0,500,1.7394917385604105,0.003478983477120821,-2.458547633860141
DQ500-TB500-TH0,high_binary_21,DQ-TBZ,TBZ,500,500,0,500,1.147076592481064,0.002294153184962128,-2.639377586799776
DQ6-TB24-TH12,low_ternary_64,DQ-TBZ-THI,DQ,6,24,12,6,14.24381864241988,2.3739697737366465,0.37547518505540806
DQ6-TB24-TH12,low_ternary_64,DQ-TBZ-THI,TBZ,6,24,12,24,13.206737192598318,0.5502807163582633,-0.25941570602572417
DQ6-TB24-TH12,low_ternary_64,DQ-TBZ-THI,THI,6,24,12,12,12.466727516372355,1.0388939596976963,0.016571221216100274
DQ6-TB24-TH6,low_ternary_64,DQ-TBZ-THI,DQ,6,24,6,6,6.342337240472487,1.0570562067454146,0.024098080619048872
DQ6-TB24-TH6,low_ternary_64,DQ-TBZ-THI,TBZ,6,24,6,24,3.5895875517395712,0.1495661479891488,-0.8251666912653122
DQ6-TB24-TH6,low_ternary_64,DQ-TBZ-THI,THI,6,24,6,6,4.703224634046017,0.7838707723410029,-0.10575552849556041
DQ6-TB3-TH24,low_ternary_64,DQ-TBZ-THI,DQ,6,3,24,6,2.6250205726674487,0.4375034287779081,-0.3590185389994051
DQ6-TB3-TH24,low_ternary_64,DQ-TBZ-THI,TBZ,6,3,24,3,1.0329258801515913,0.3443086267171971,-0.46305209582933704
DQ6-TB3-TH24,low_ternary_64,DQ-TBZ-THI,THI,6,3,24,24,21.6272294357067,0.9011345598211125,-0.04521035416580408
DQ6-TB6-TH12,low_ternary_64,DQ-TBZ-THI,DQ,6,6,12,6,1.759793899366842,0.293298983227807,-0.532689442574573
DQ6-TB6-TH12,low_ternary_64,DQ-TBZ-THI,TBZ,6,6,12,6,1.2549305782620512,0.20915509637700855,-0.6795315487192737
DQ6-TB6-TH12,low_ternary_64,DQ-TBZ-THI,THI,6,6,12,12,9.071974221383426,0.7559978517819522,-0.12147943857362097
DQ0-TB50-TH250,high_binary_21,TBZ-THI,TBZ,0,50,250,50,0.974687326608363,0.01949374653216726,-1.7101046851574284
DQ0-TB50-TH250,high_binary_21,TBZ-THI,THI,0,50,250,250,100,0.4,-0.3979400086720376
DQ12-TB6-TH12,low_ternary_64,DQ-TBZ-THI,DQ,12,6,12,12,0.8867875801050815,0.0738989650087568,-1.131361644069767
DQ12-TB6-TH12,low_ternary_64,DQ-TBZ-THI,TBZ,12,6,12,6,1.2084804921157686,0.2014134153526281,-0.695911606177712
DQ12-TB6-TH12,low_ternary_64,DQ-TBZ-THI,THI,12,6,12,12,2.225672888349224,0.18547274069576866,-0.7317199104981782
DQ12-TB6-TH6,low_ternary_64,DQ-TBZ-THI,DQ,12,6,6,12,1.049996159486994,0.0874996799572495,-1.0579935354697405
DQ12-TB6-TH6,low_ternary_64,DQ-TBZ-THI,TBZ,12,6,6,6,1.2568931782345858,0.20948219637243096,-0.6788528812693755
DQ12-TB6-TH6,low_ternary_64,DQ-TBZ-THI,THI,12,6,6,6,1.5067161931922748,0.2511193655320458,-0.6001197945773655
DQ24-TB12-TH24,low_ternary_64,DQ-TBZ-THI,DQ,24,12,24,24,5.323676660856778,0.2218198608690324,-0.653999571443531
DQ24-TB12-TH24,low_ternary_64,DQ-TBZ-THI,TBZ,24,12,24,12,1.2810167349307382,0.10675139457756151,-0.9716264427349437
DQ24-TB12-TH24,low_ternary_64,DQ-TBZ-THI,THI,24,12,24,24,45.020575987537434,1.8758573328140598,0.27319980529694143
DQ24-TB3-TH12,low_ternary_64,DQ-TBZ-THI,DQ,24,3,12,24,1.3427242958794825,0.0559468456616451,-1.2522243943967455
DQ24-TB3-TH12,low_ternary_64,DQ-TBZ-THI,TBZ,24,3,12,3,1.2652410707540342,0.4217470235846781,-0.37494797369511806
DQ24-TB3-TH12,low_ternary_64,DQ-TBZ-THI,THI,24,3,12,12,41.55046055605365,3.4625383796711375,0.5393945959315707
DQ24-TB3-TH24,low_ternary_64,DQ-TBZ-THI,DQ,24,3,24,24,1.3510645165783566,0.056294354857431526,-1.2495351535889323
DQ24-TB3-TH24,low_ternary_64,DQ-TBZ-THI,TBZ,24,3,24,3,1.0982158363690888,0.36607194545636296,-0.4364335527364699
DQ24-TB3-TH24,low_ternary_64,DQ-TBZ-THI,THI,24,3,24,24,19.017668114237694,0.7924028380932372,-0.1010539776488556
DQ24-TB6-TH24,low_ternary_64,DQ-TBZ-THI,DQ,24,6,24,24,1.5290380798062804,0.06370991999192835,-1.1957929403124938
DQ24-TB6-TH24,low_ternary_64,DQ-TBZ-THI,TBZ,24,6,24,6,0.9745579165005683,0.1624263194167614,-0.7893435966999405
DQ24-TB6-TH24,low_ternary_64,DQ-TBZ-THI,THI,24,6,24,24,18.41234118761126,0.7671808828171359,-0.11510222777491928
DQ24-TB6-TH6,low_ternary_64,DQ-TBZ-THI,DQ,24,6,6,24,5.925838376765844,0.2469099323652435,-0.6074614394943293
DQ24-TB6-TH6,low_ternary_64,DQ-TBZ-THI,TBZ,24,6,6,6,1.4127233473253817,0.23545389122089697,-0.6280941278086488
DQ24-TB6-TH6,low_ternary_64,DQ-TBZ-THI,THI,24,6,6,6,9.684254861844586,1.6140424769740978,0.2079149599230489
DQ3-TB12-TH12,low_ternary_64,DQ-TBZ-THI,DQ,3,12,12,3,1.7666210821691726,0.5888736940563909,-0.22997784588634756
DQ3-TB12-TH12,low_ternary_64,DQ-TBZ-THI,TBZ,3,12,12,12,1.1984129804733479,0.099867748372779,-1.0005747416556705
DQ3-TB12-TH12,low_ternary_64,DQ-TBZ-THI,THI,3,12,12,12,8.85230125457624,0.7376917712146867,-0.13212506097158688
DQ3-TB6-TH12,low_ternary_64,DQ-TBZ-THI,DQ,3,6,12,3,1.8007047237303027,0.6002349079101009,-0.22167875087737196
DQ3-TB6-TH12,low_ternary_64,DQ-TBZ-THI,TBZ,3,6,12,6,1.0074007297544527,0.1679001216257421,-0.7749489892617754
DQ3-TB6-TH12,low_ternary_64,DQ-TBZ-THI,THI,3,6,12,12,14.296088755928793,1.1913407296607328,0.0760359897349697
DQ50-TB0-TH500,high_binary_21,DQ-THI,DQ,50,0,500,50,0.36959690987847876,0.007391938197569575,-2.131241672816995
DQ50-TB0-TH500,high_binary_21,DQ-THI,THI,50,0,500,500,100,0.2,-0.6989700043360187
DQ50-TB250-TH0,high_binary_21,DQ-TBZ,DQ,50,250,0,50,8.897566136325006,0.1779513227265001,-0.7496987795023096
DQ50-TB250-TH0,high_binary_21,DQ-TBZ,TBZ,50,250,0,250,12.38603051930973,0.04954412207723892,-1.3050078628909865
DQ500-TB0-TH500,high_binary_21,DQ-THI,DQ,500,0,500,500,0.4354060373273977,0.0008708120746547954,-3.0600755576745904
DQ500-TB0-TH500,high_binary_21,DQ-THI,THI,500,0,500,500,100,0.2,-0.6989700043360187
DQ6-TB12-TH24,low_ternary_64,DQ-TBZ-THI,DQ,6,12,24,6,1.5823921829389496,0.2637320304898249,-0.5788371215519654
DQ6-TB12-TH24,low_ternary_64,DQ-TBZ-THI,TBZ,6,12,24,12,1.5862286574531796,0.13218572145443164,-0.8788154542940645
DQ6-TB12-TH24,low_ternary_64,DQ-TBZ-THI,THI,6,12,24,24,100,4.166666666666667,0.619788758288394
DQ6-TB12-TH3,low_ternary_64,DQ-TBZ-THI,DQ,6,12,3,6,1.9520278189956317,0.32533796983260527,-0.48766524773421815
DQ6-TB12-TH3,low_ternary_64,DQ-TBZ-THI,TBZ,6,12,3,12,1.831192796696672,0.15259939972472267,-0.8164471747478048
DQ6-TB12-TH3,low_ternary_64,DQ-TBZ-THI,THI,6,12,3,3,1.4639767742416216,0.48799225808054053,-0.3115870679554275
DQ6-TB12-TH6,low_ternary_64,DQ-TBZ-THI,DQ,6,12,6,6,1.8733069126233008,0.31221781877055016,-0.5055423146852186
DQ6-TB12-TH6,low_ternary_64,DQ-TBZ-THI,TBZ,6,12,6,12,1.6003981972486765,0.1333665164373897,-0.8749531925467344
DQ6-TB12-TH6,low_ternary_64,DQ-TBZ-THI,THI,6,12,6,6,1.5193417871875674,0.2532236311979279,-0.5964957677701185
DQ6-TB3-TH12,low_ternary_64,DQ-TBZ-THI,DQ,6,3,12,6,1.8172308202515621,0.3028718033752604,-0.5187411565401536
DQ6-TB3-TH12,low_ternary_64,DQ-TBZ-THI,TBZ,6,3,12,3,1.0854146280445152,0.3618048760148384,-0.44152558448541346
DQ6-TB3-TH12,low_ternary_64,DQ-TBZ-THI,THI,6,3,12,12,6.180074343287007,0.5150061952739172,-0.2881875465761043
DQ6-TB6-TH24,low_ternary_64,DQ-TBZ-THI,DQ,6,6,24,6,2.524094465316591,0.4206824108860985,-0.37604564585036876
DQ6-TB6-TH24,low_ternary_64,DQ-TBZ-THI,TBZ,6,6,24,6,1.0878405776986952,0.18130676294978254,-0.7415859959210802
DQ6-TB6-TH24,low_ternary_64,DQ-TBZ-THI,THI,6,6,24,24,100,4.166666666666667,0.619788758288394
DQ0-TB500-TH500,high_binary_21,TBZ-THI,TBZ,0,500,500,500,1.1839350505297455,0.002367870101059491,-2.6256421262482976
DQ0-TB500-TH500,high_binary_21,TBZ-THI,THI,0,500,500,500,67.59501835661533,0.13519003671323065,-0.8690553140150048
DQ12-TB3-TH12,low_ternary_64,DQ-TBZ-THI,DQ,12,3,12,12,1.200914790797117,0.1000762325664264,-0.9996690522995385
DQ12-TB3-TH12,low_ternary_64,DQ-TBZ-THI,TBZ,12,3,12,3,1.0906087634193804,0.3635362544731268,-0.4394522716481662
DQ12-TB3-TH12,low_ternary_64,DQ-TBZ-THI,THI,12,3,12,12,6.058641881241036,0.5048868234367531,-0.2968059633971679
DQ12-TB3-TH24,low_ternary_64,DQ-TBZ-THI,DQ,12,3,24,12,0.7156013320050819,0.05963344433375683,-1.224510105765036
DQ12-TB3-TH24,low_ternary_64,DQ-TBZ-THI,TBZ,12,3,24,3,0.9844021063791392,0.32813403545971304,-0.483948720404198
DQ12-TB3-TH24,low_ternary_64,DQ-TBZ-THI,THI,12,3,24,24,4.707114296021981,0.1961297623342492,-0.7074564979346437
DQ12-TB3-TH6,low_ternary_64,DQ-TBZ-THI,DQ,12,3,6,12,0.8108857754945449,0.06757381462454541,-1.1702215639279303
DQ12-TB3-TH6,low_ternary_64,DQ-TBZ-THI,TBZ,12,3,6,3,1.1281635206010687,0.3760545068670229,-0.4247492021044379
DQ12-TB3-TH6,low_ternary_64,DQ-TBZ-THI,THI,12,3,6,6,1.038215670471936,0.17303594507865602,-0.761863670699097
DQ12-TB6-TH24,low_ternary_64,DQ-TBZ-THI,DQ,12,6,24,12,1.0206859863708908,0.08505716553090757,-1.0702890939332668
DQ12-TB6-TH24,low_ternary_64,DQ-TBZ-THI,TBZ,12,6,24,6,0.984667357285813,0.16411122621430216,-0.7848617095248238
DQ12-TB6-TH24,low_ternary_64,DQ-TBZ-THI,THI,12,6,24,24,9.200726237482101,0.3833635932284209,-0.41638913300920416
DQ150-TB0-TH50,high_binary_21,DQ-THI,DQ,150,0,50,150,1.7085665630855273,0.011390443753903516,-1.9434593561564097
DQ150-TB0-TH50,high_binary_21,DQ-THI,THI,150,0,50,50,15.059793842508341,0.3011958768501668,-0.5211509776024027
DQ24-TB12-TH12,low_ternary_64,DQ-TBZ-THI,DQ,24,12,12,24,2.8122571653145645,0.11717738188810685,-0.9311562097271241
DQ24-TB12-TH12,low_ternary_64,DQ-TBZ-THI,TBZ,24,12,12,12,1.687673562713161,0.14063946355943008,-0.8518927987949314
DQ24-TB12-TH12,low_ternary_64,DQ-TBZ-THI,THI,24,12,12,12,20.336778615317176,1.6947315512764314,0.22910091490928428
DQ24-TB12-TH3,low_ternary_64,DQ-TBZ-THI,DQ,24,12,3,24,12.75401812973871,0.5314174220724462,-0.27456421171366413
DQ24-TB12-TH3,low_ternary_64,DQ-TBZ-THI,TBZ,24,12,3,12,2.13506393356331,0.17792199446360915,-0.7497703617320016
DQ24-TB12-TH3,low_ternary_64,DQ-TBZ-THI,THI,24,12,3,3,3.1640933304737118,1.0546977768245707,0.023128030571187026
DQ24-TB12-TH6,low_ternary_64,DQ-TBZ-THI,DQ,24,12,6,24,10.465190944522819,0.43604962268845077,-0.3604640849665631
DQ24-TB12-TH6,low_ternary_64,DQ-TBZ-THI,TBZ,24,12,6,12,1.5052544838347688,0.1254378736528974,-0.9015713164950976
DQ24-TB12-TH6,low_ternary_64,DQ-TBZ-THI,THI,24,12,6,6,7.344535599828853,1.2240892666381422,0.08781308986407792
DQ24-TB24-TH24,low_ternary_64,DQ-TBZ-THI,DQ,24,24,24,24,2.528442895739421,0.10535178732247587,-0.9773580920662827
DQ24-TB24-TH24,low_ternary_64,DQ-TBZ-THI,TBZ,24,24,24,24,3.016151026894809,0.12567295945395038,-0.9007581576621226
DQ24-TB24-TH24,low_ternary_64,DQ-TBZ-THI,THI,24,24,24,24,17.9513633053326,0.7479734710555249,-0.1261138053153682
DQ250-TB0-TH50,high_binary_21,DQ-THI,DQ,250,0,50,250,0.49611291340868785,0.0019844516536347513,-2.7023594771626684
DQ250-TB0-TH50,high_binary_21,DQ-THI,THI,250,0,50,50,58.82884248635754,1.1765768497271507,0.07062029897692171
DQ3-TB6-TH24,low_ternary_64,DQ-TBZ-THI,DQ,3,6,24,3,1.131746185675872,0.37724872855862396,-0.42337221525258245
DQ3-TB6-TH24,low_ternary_64,DQ-TBZ-THI,TBZ,3,6,24,6,0.9310097585692998,0.1551682930948833,-0.8091970172319607
DQ3-TB6-TH24,low_ternary_64,DQ-TBZ-THI,THI,3,6,24,24,14.880223133041126,0.6200092972100469,-0.2076017980876382
DQ3-TB6-TH6,low_ternary_64,DQ-TBZ-THI,DQ,3,6,6,3,2.2171255761812385,0.7390418587270795,-0.13133096282390477
DQ3-TB6-TH6,low_ternary_64,DQ-TBZ-THI,TBZ,3,6,6,6,1.115191980125359,0.18586533002089314,-0.7308016128361532
DQ3-TB6-TH6,low_ternary_64,DQ-TBZ-THI,THI,3,6,6,6,5.253897624111599,0.8756496040185998,-0.05766964438440856
DQ50-TB500-TH0,high_binary_21,DQ-TBZ,DQ,50,500,0,50,59.01796833975515,1.180359366795103,0.07201425074286127
DQ50-TB500-TH0,high_binary_21,DQ-TBZ,TBZ,50,500,0,500,55.21691684247193,0.11043383368494386,-0.9568978511396838
DQ500-TB50-TH0,high_binary_21,DQ-TBZ,DQ,500,50,0,500,2.9338687093041353,0.005867737418608271,-2.23152932908251
DQ500-TB50-TH0,high_binary_21,DQ-TBZ,TBZ,500,50,0,50,4.102476406081546,0.08204952812163092,-1.0859239122923154
DQ6-TB3-TH6,low_ternary_64,DQ-TBZ-THI,DQ,6,3,6,6,2.098992497513706,0.349832082918951,-0.4561403641091141
DQ6-TB3-TH6,low_ternary_64,DQ-TBZ-THI,TBZ,6,3,6,3,1.2187472996431346,0.40624909988104485,-0.3912075882706159
DQ6-TB3-TH6,low_ternary_64,DQ-TBZ-THI,THI,6,3,6,6,2.0864044835629554,0.3477340805938259,-0.45875274305700986
DQ0-TB50-TH500,high_binary_21,TBZ-THI,TBZ,0,50,500,50,0.8919891246155845,0.01783978249231169,-1.7486104449691255
DQ0-TB50-TH500,high_binary_21,TBZ-THI,THI,0,50,500,500,100,0.2,-0.6989700043360187
DQ0-TB500-TH50,high_binary_21,TBZ-THI,TBZ,0,500,50,500,16.85442087774511,0.03370884175549022,-1.4722561696932412
DQ0-TB500-TH50,high_binary_21,TBZ-THI,THI,0,500,50,50,3.426310044637558,0.06852620089275116,-1.1641433448942609
DQ12-TB12-TH12,low_ternary_64,DQ-TBZ-THI,DQ,12,12,12,12,2.993352333415546,0.24944602778462885,-0.6030234074391791
DQ12-TB12-TH12,low_ternary_64,DQ-TBZ-THI,TBZ,12,12,12,12,3.1526293676509325,0.262719113970911,-0.5805083292309983
DQ12-TB12-TH12,low_ternary_64,DQ-TBZ-THI,THI,12,12,12,12,11.37206353796941,0.9476719614974508,-0.023341968533228497
DQ12-TB12-TH24,low_ternary_64,DQ-TBZ-THI,DQ,12,12,24,12,1.4060894403924604,0.11717412003270504,-0.9311682993087163
DQ12-TB12-TH24,low_ternary_64,DQ-TBZ-THI,TBZ,12,12,24,12,1.352682158404959,0.11272351320041325,-0.9479854842370901
DQ12-TB12-TH24,low_ternary_64,DQ-TBZ-THI,THI,12,12,24,24,17.46973684663505,0.7279057019431271,-0.13792487862421343
DQ12-TB12-TH3,low_ternary_64,DQ-TBZ-THI,DQ,12,12,3,12,1.5671727699237559,0.13059773082697965,-0.8840643689865402
DQ12-TB12-TH3,low_ternary_64,DQ-TBZ-THI,TBZ,12,12,3,12,1.5865732254861848,0.13221443545718206,-0.8787211250535486
DQ12-TB12-TH3,low_ternary_64,DQ-TBZ-THI,THI,12,12,3,3,1.079849439751628,0.3599498132505427,-0.44375804742090064
DQ12-TB24-TH12,low_ternary_64,DQ-TBZ-THI,DQ,12,24,12,12,5.715105626458211,0.4762588022048509,-0.32215698462095604
DQ12-TB24-TH12,low_ternary_64,DQ-TBZ-THI,TBZ,12,24,12,24,10.166376014502118,0.4235990006042549,-0.37304507319290325
DQ12-TB24-TH12,low_ternary_64,DQ-TBZ-THI,THI,12,24,12,12,15.052032607649798,1.2543360506374832,0.09841390442580887
DQ12-TB24-TH24,low_ternary_64,DQ-TBZ-THI,DQ,12,24,24,12,2.56960901234342,0.21413408436195167,-0.6693141992531504
DQ12-TB24-TH24,low_ternary_64,DQ-TBZ-THI,TBZ,12,24,24,24,3.7125512021087825,0.15468963342119926,-0.8105387897190067
DQ12-TB24-TH24,low_ternary_64,DQ-TBZ-THI,THI,12,24,24,24,13.180557439690615,0.5491898933204423,-0.26027746363402554
DQ12-TB24-TH6,low_ternary_64,DQ-TBZ-THI,DQ,12,24,6,12,21.39787300221157,1.7831560835176308,0.25118935957670036
DQ12-TB24-TH6,low_ternary_64,DQ-TBZ-THI,TBZ,12,24,6,24,18.140225048973385,0.7558427103738911,-0.12156857106465045
DQ12-TB24-TH6,low_ternary_64,DQ-TBZ-THI,THI,12,24,6,6,2.703361226490378,0.450560204415063,-0.3462471698385031
DQ12-TB3-TH3,low_ternary_64,DQ-TBZ-THI,DQ,12,3,3,12,0.9879470631359506,0.08232892192799589,-1.0844475715044026
DQ12-TB3-TH3,low_ternary_64,DQ-TBZ-THI,TBZ,12,3,3,3,1.188620578198734,0.396206859399578,-0.40207800993427506
DQ12-TB3-TH3,low_ternary_64,DQ-TBZ-THI,THI,12,3,3,3,1.0373365791194569,0.34577885970648564,-0.4612015622288739
DQ24-TB3-TH3,low_ternary_64,DQ-TBZ-THI,DQ,24,3,3,24,6.57087527494534,0.2737864697893892,-0.5625880180026124
DQ24-TB3-TH3,low_ternary_64,DQ-TBZ-THI,TBZ,24,3,3,3,1.2907157825970632,0.43023859419902105,-0.3662906341720131
DQ24-TB3-TH3,low_ternary_64,DQ-TBZ-THI,THI,24,3,3,3,3.5523266657924455,1.1841088885974818,0.07339164118979094
DQ24-TB3-TH6,low_ternary_64,DQ-TBZ-THI,DQ,24,3,6,24,2.7789368941591284,0.11578903725663035,-0.9363325570535742
DQ24-TB3-TH6,low_ternary_64,DQ-TBZ-THI,TBZ,24,3,6,3,1.6614362018954292,0.5538120672984764,-0.2566375854195477
DQ24-TB3-TH6,low_ternary_64,DQ-TBZ-THI,THI,24,3,6,6,8.603536944816806,1.4339228241361344,0.1565257775843855
DQ3-TB12-TH3,low_ternary_64,DQ-TBZ-THI,DQ,3,12,3,3,4.863240971556036,1.621080323852012,0.20980453449159378
DQ3-TB12-TH3,low_ternary_64,DQ-TBZ-THI,TBZ,3,12,3,12,2.459192103766593,0.20493267531388273,-0.6883887903682488
DQ3-TB12-TH3,low_ternary_64,DQ-TBZ-THI,THI,3,12,3,3,3.2071907562777566,1.069063585425919,0.029003536806867472
DQ3-TB12-TH6,low_ternary_64,DQ-TBZ-THI,DQ,3,12,6,3,4.199039895563176,1.3996799651877252,0.1460287462199274
DQ3-TB12-TH6,low_ternary_64,DQ-TBZ-THI,TBZ,3,12,6,12,1.6740576414239647,0.13950480345199706,-0.8554108384349621
DQ3-TB12-TH6,low_ternary_64,DQ-TBZ-THI,THI,3,12,6,6,4.537687971896247,0.7562813286493745,-0.12131662149288124
DQ3-TB24-TH3,low_ternary_64,DQ-TBZ-THI,DQ,3,24,3,3,2.6213821671586555,0.8737940557195518,-0.05859091405192357
DQ3-TB24-TH3,low_ternary_64,DQ-TBZ-THI,TBZ,3,24,3,24,2.5868202396789948,0.10778417665329144,-0.9674449914364821
DQ3-TB24-TH3,low_ternary_64,DQ-TBZ-THI,THI,3,24,3,3,1.3234881369208502,0.4411627123069501,-0.3554012018612175
DQ3-TB3-TH12,low_ternary_64,DQ-TBZ-THI,DQ,3,3,12,3,2.388161973201152,0.7960539910670507,-0.09905747594661211
DQ3-TB3-TH12,low_ternary_64,DQ-TBZ-THI,TBZ,3,3,12,3,1.084036810338935,0.36134560344631167,-0.44207722504898406
DQ3-TB3-TH12,low_ternary_64,DQ-TBZ-THI,THI,3,3,12,12,24.115645187916385,2.009637098993032,0.3031176394432685
DQ3-TB3-TH3,low_ternary_64,DQ-TBZ-THI,DQ,3,3,3,3,1.7197557355887223,0.5732519118629075,-0.24165448817216
DQ3-TB3-TH3,low_ternary_64,DQ-TBZ-THI,TBZ,3,3,3,3,1.2505683580203166,0.4168561193401055,-0.3800138187893909
DQ3-TB3-TH3,low_ternary_64,DQ-TBZ-THI,THI,3,3,3,3,1.576911277130896,0.5256370923769653,-0.2793139957194993
DQ3-TB6-TH3,low_ternary_64,DQ-TBZ-THI,DQ,3,6,3,3,0.9623045051732554,0.32076816839108513,-0.4938087357058598
DQ3-TB6-TH3,low_ternary_64,DQ-TBZ-THI,TBZ,3,6,3,6,1.8512690690464477,0.30854484484107464,-0.5106817053694388
DQ3-TB6-TH3,low_ternary_64,DQ-TBZ-THI,THI,3,6,3,3,1.3983342250079052,0.46611140833596837,-0.3315102673383321
DQ6-TB3-TH3,low_ternary_64,DQ-TBZ-THI,DQ,6,3,3,6,1.5801410605550517,0.2633568434258419,-0.5794553918557122
DQ6-TB3-TH3,low_ternary_64,DQ-TBZ-THI,TBZ,6,3,3,3,1.2843320176097102,0.42811067253657004,-0.368443945335591
DQ6-TB3-TH3,low_ternary_64,DQ-TBZ-THI,THI,6,3,3,3,1.195502893943229,0.39850096464774304,-0.3995706229738043
DQ0-TB150-TH50,high_binary_21,TBZ-THI,TBZ,0,150,50,150,2.797863993427042,0.018652426622846947,-1.7292646598147263
DQ0-TB150-TH50,high_binary_21,TBZ-THI,THI,0,150,50,50,6.266953391229941,0.1253390678245988,-0.9019135395717295
DQ0-TB250-TH50,high_binary_21,TBZ-THI,TBZ,0,250,50,250,2.0413014743311506,0.008165205897324602,-2.088032859433807
DQ0-TB250-TH50,high_binary_21,TBZ-THI,THI,0,250,50,50,63.92506660917628,1.2785013321835255,0.10670118489239146
DQ0-TB50-TH150,high_binary_21,TBZ-THI,TBZ,0,50,150,50,1.0664070768995024,0.02132814153799005,-1.6710469858520045
DQ0-TB50-TH150,high_binary_21,TBZ-THI,THI,0,50,150,150,11.711253336582296,0.07807502224388196,-1.1074878833655344
DQ12-TB24-TH3,low_ternary_64,DQ-TBZ-THI,DQ,12,24,3,12,1.2188479292416092,0.1015706607701341,-0.9932317222266565
DQ12-TB24-TH3,low_ternary_64,DQ-TBZ-THI,TBZ,12,24,3,24,2.062236650921396,0.08592652712172483,-1.0658727406612667
DQ12-TB24-TH3,low_ternary_64,DQ-TBZ-THI,THI,12,24,3,3,1.0077773374594785,0.3359257791531595,-0.47375666685089257
DQ150-TB50-TH0,high_binary_21,DQ-TBZ,DQ,150,50,0,150,1.6856186852230177,0.011237457901486786,-1.9493319222385797
DQ150-TB50-TH0,high_binary_21,DQ-TBZ,TBZ,150,50,0,50,1.0875559345072585,0.02175111869014517,-1.6625184017685137
DQ24-TB24-TH12,low_ternary_64,DQ-TBZ-THI,DQ,24,24,12,24,5.0125014802969305,0.20885422834570544,-0.6801567278270694
DQ24-TB24-TH12,low_ternary_64,DQ-TBZ-THI,TBZ,24,24,12,24,1.5389116087758041,0.06412131703232517,-1.1929975659498777
DQ24-TB24-TH12,low_ternary_64,DQ-TBZ-THI,THI,24,24,12,12,23.040504091072204,1.9200420075893503,0.28331073050807026
DQ24-TB24-TH3,low_ternary_64,DQ-TBZ-THI,DQ,24,24,3,24,10.573454910500766,0.44056062127086526,-0.3559943240918767
DQ24-TB24-TH3,low_ternary_64,DQ-TBZ-THI,TBZ,24,24,3,24,6.784123876565224,0.2826718281902177,-0.5487174722716849
DQ24-TB24-TH3,low_ternary_64,DQ-TBZ-THI,THI,24,24,3,3,2.854037847775413,0.9513459492584709,-0.021661526665972458
DQ24-TB24-TH6,low_ternary_64,DQ-TBZ-THI,DQ,24,24,6,24,10.535150344159026,0.43896459767329277,-0.3575705040292093
DQ24-TB24-TH6,low_ternary_64,DQ-TBZ-THI,TBZ,24,24,6,24,5.6405100461329045,0.23502125192220436,-0.6288928646421565
DQ24-TB24-TH6,low_ternary_64,DQ-TBZ-THI,THI,24,24,6,6,9.148106599524798,1.524684433254133,0.18317996625457178
DQ3-TB24-TH6,low_ternary_64,DQ-TBZ-THI,DQ,3,24,6,3,3.5868576199423523,1.1956192066474507,0.07759288300993707
DQ3-TB24-TH6,low_ternary_64,DQ-TBZ-THI,TBZ,3,24,6,24,4.059891302765202,0.16916213761521673,-0.771696835533724
DQ3-TB24-TH6,low_ternary_64,DQ-TBZ-THI,THI,3,24,6,6,3.936687364285932,0.6561145607143221,-0.1830203241269956
DQ50-TB150-TH0,high_binary_21,DQ-TBZ,DQ,50,150,0,50,2.0567829357487084,0.04113565871497417,-1.3857815438424614
DQ50-TB150-TH0,high_binary_21,DQ-TBZ,TBZ,50,150,0,150,2.2962185314966916,0.015308123543311278,-1.8150780414853056
DQ500-TB0-TH50,high_binary_21,DQ-THI,DQ,500,0,50,500,66.71164224691304,0.1334232844938261,-0.8747683724828135
DQ500-TB0-TH50,high_binary_21,DQ-THI,THI,500,0,50,50,100,2,0.3010299956639812
DQ6-TB12-TH12,low_ternary_64,DQ-TBZ-THI,DQ,6,12,12,6,5.979973215551514,0.996662202591919,-0.0014520116066423436
DQ6-TB12-TH12,low_ternary_64,DQ-TBZ-THI,TBZ,6,12,12,12,2.1815115247758006,0.18179262706465005,-0.7404237343707568
DQ6-TB12-TH12,low_ternary_64,DQ-TBZ-THI,THI,6,12,12,12,40.954518082776566,3.4128765068980473,0.5331205738505554
DQ6-TB24-TH24,low_ternary_64,DQ-TBZ-THI,DQ,6,24,24,6,3.9737083669509605,0.6622847278251601,-0.17895525959561914
DQ6-TB24-TH24,low_ternary_64,DQ-TBZ-THI,TBZ,6,24,24,24,2.0270865511525193,0.08446193963135497,-1.0733389494145213
DQ6-TB24-TH24,low_ternary_64,DQ-TBZ-THI,THI,6,24,24,24,4.220118702085353,0.17583827925355636,-0.7548865748884065
DQ6-TB24-TH3,low_ternary_64,DQ-TBZ-THI,DQ,6,24,3,6,3.4396433239782747,0.5732738873297124,-0.24163783992232815
DQ6-TB24-TH3,low_ternary_64,DQ-TBZ-THI,TBZ,6,24,3,24,2.928350363666304,0.12201459848609601,-0.913588204877202
DQ6-TB24-TH3,low_ternary_64,DQ-TBZ-THI,THI,6,24,3,3,1.3135165095943333,0.43783883653144445,-0.35868571891416473
DQ6-TB6-TH3,low_ternary_64,DQ-TBZ-THI,DQ,6,6,3,6,1.5126659669137075,0.2521109944856179,-0.5984082144571561
DQ6-TB6-TH3,low_ternary_64,DQ-TBZ-THI,TBZ,6,6,3,6,1.515461234297501,0.2525768723829168,-0.5976064188492607
DQ6-TB6-TH3,low_ternary_64,DQ-TBZ-THI,THI,6,6,3,3,1.1631794755706377,0.38772649185687924,-0.4114745243108354
DQ6-TB6-TH6,low_ternary_64,DQ-TBZ-THI,DQ,6,6,6,6,2.121930209754645,0.3536550349591075,-0.4514201545209055
DQ6-TB6-TH6,low_ternary_64,DQ-TBZ-THI,TBZ,6,6,6,6,1.5014906126465148,0.2502484354410858,-0.6016286290591416
DQ6-TB6-TH6,low_ternary_64,DQ-TBZ-THI,THI,6,6,6,6,1.6670151502667145,0.27783585837778574,-0.5562117035566374
