substance,band_cm-1,leaf_dq_over_ink,leaf_tb1_over_ink,leaf_thi2_over_ink,cov3_over_ink,leavesmix_over_ink,leavesmix2peel_over_ink,leavesmix2peel2_over_ink,fold_over_control_max,argmax_sample
DQ,1179,0.4202,0.4447,0.2013,0.1609,0.2591,0.3585,0.2212,2.76,leaf_tb1
DQ,1521,0.5973,0.5082,0.4427,0.2775,0.7261,0.7476,0.1808,2.69,leavesmix2peel
DQ,1576,1.2496,1.5162,0.3869,0.2910,0.8765,0.2791,0.7015,5.21,leaf_tb1
TBZ,779,0.1824,0.3479,0.1049,0.0830,0.3323,0.3544,0.1574,4.27,leavesmix2peel
TBZ,1011,0.1313,0.1734,0.1473,0.1465,0.3427,0.3421,0.1983,2.34,leavesmix
TBZ,1549,0.6344,1.3073,0.3495,0.2943,0.5127,0.4766,0.4953,4.44,leaf_tb1
THI,556,0.2049,0.3414,0.4289,0.0851,0.5122,0.3439,0.2297,6.02,leavesmix
THI,1138,0.2537,0.2992,0.3755,0.1550,0.5076,0.3445,0.2549,3.27,leavesmix
THI,1365,0.2582,0.6089,0.4972,0.1840,0.7224,0.3255,0.2795,3.93,leavesmix
