sample,row,col,x_um,y_um,ink2137,DQ_1179,DQ_1521,DQ_1576,DQ,DQ_over_ink,TBZ_779,TBZ_1011,TBZ_1549,TBZ,TBZ_over_ink,THI_556,THI_1138,THI_1365,THI,THI_over_ink
leaf_dq,9,0,0,450,15562.9,7150.34,12408,25134,14897.4,0.957241,4319.47,1554.67,10902,5592.04,0.359318,2918.84,4332.76,6117.39,4456.33,0.286343
leaf_dq,9,1,50,450,17643.4,9963.03,19896.9,28940.2,19600,1.1109,3933.23,2414.77,18957.5,8435.16,0.478092,7945.73,9276.19,6089.67,7770.53,0.440422
leaf_dq,9,2,100,450,56715.7,15586.4,23392.7,55225.5,31401.5,0.553665,7030.6,3837.78,15442.3,8770.23,0.154635,5138.19,3213.82,8227.03,5526.35,0.0974394
leaf_dq,9,3,150,450,39596.3,13666.8,17165.8,47056.5,25963,0.655693,4992.52,3822.25,14501.7,7772.16,0.196285,4391.1,3809.17,6218.2,4806.16,0.121379
leaf_dq,9,4,200,450,82335.6,21731.3,30954.4,84096.4,45594,0.553758,8833.89,5198.62,15455.6,9829.37,0.119382,4892.72,1235.84,10983.8,5704.12,0.0692789
leaf_dq,9,5,250,450,43600.7,18683.8,16559.5,45320.6,26854.6,0.615921,5670.06,5565.88,13629.6,8288.51,0.1901,3060.51,13581.7,8978.25,8540.15,0.195872
leaf_dq,9,6,300,450,27879.6,6825.65,11268.5,26340.1,14811.4,0.531264,3943.13,3304.96,9865.53,5704.54,0.204614,4635.92,2780.6,6051.77,4489.43,0.161029
leaf_dq,9,7,350,450,30572.2,8853.33,15514.1,36015.4,20127.6,0.658364,4787.12,1286.11,14175.2,6749.47,0.220772,4168.79,2866.27,8812.2,5282.42,0.172785
leaf_dq,9,8,400,450,54805.8,14294.3,19521.7,48885.1,27567,0.502994,6196.08,3729.44,13646.7,7857.41,0.143368,4747.91,3033.11,7229.27,5003.43,0.0912938
leaf_dq,9,9,450,450,16718.3,4541.02,8367.76,16421.3,9776.7,0.584791,3357.77,2002.57,8664.36,4674.9,0.279628,3413.17,3883.37,4217.76,3838.1,0.229575
leaf_dq,8,9,450,400,14291.8,7703.07,9163.34,17375.1,11413.8,0.798628,2938.92,2373.37,10056.7,5123.01,0.358458,4789.24,5756.46,4512.15,5019.28,0.3512
leaf_dq,8,8,400,400,15987.9,5746.96,8547.13,19033.6,11109.2,0.694852,3704.27,2212.08,9117.24,5011.19,0.313436,4309.22,2662.39,5109.38,4026.99,0.251877
leaf_dq,8,7,350,400,15288.1,7056.68,9243.75,19583.2,11961.2,0.782388,4320.46,2791.51,11922.9,6344.96,0.415027,3297.98,3698.49,5179.84,4058.77,0.265486
leaf_dq,8,6,300,400,15656.5,5477.03,8421.25,16065.3,9987.87,0.637939,3536.45,2772.8,10163.2,5490.82,0.350706,3393.21,3751.73,4797.47,3980.81,0.254259
leaf_dq,8,5,250,400,19215.7,6343.56,8088.85,21260.5,11897.6,0.619161,3265.61,2346.19,7543.92,4385.24,0.228211,3167.25,3401.71,3806.3,3458.42,0.179979
leaf_dq,8,4,200,400,52196.7,12061.4,17871,47671,25867.8,0.495583,4049.52,5107.51,12191.3,7116.1,0.136332,5325.27,4439.71,7263.08,5676.02,0.108743
leaf_dq,8,3,150,400,50149.2,10841.4,18421.4,43484.7,24249.1,0.48354,4254.61,3148.21,14326.5,7243.12,0.144431,3749.31,2453.85,6096.78,4099.98,0.0817557
leaf_dq,8,2,100,400,28154.4,7272.85,11707.8,29771.5,16250.7,0.577199,3168.94,2761.19,8926.11,4952.08,0.17589,2598.9,4402.39,4841.32,3947.54,0.14021
leaf_dq,8,1,50,400,56384.7,13062.9,21412.8,51337.1,28604.2,0.507305,5991.79,3575.8,15195.6,8254.39,0.146394,4821.33,1730.93,8967.94,5173.4,0.0917518
leaf_dq,8,0,0,400,70107.9,20416.4,30996.7,83107.4,44840.1,0.639588,7056.56,5492.53,19807.8,10785.6,0.153843,5052.68,2674.17,8158.87,5295.24,0.0755298
leaf_dq,7,0,0,350,61916.8,18703,29836.2,70898,39812.4,0.642998,6296.01,5670.37,19761.6,10576,0.17081,5362.15,2077.44,11658.7,6366.1,0.102817
leaf_dq,7,1,50,350,58509.1,19094.2,24855.8,64381,36110.3,0.617175,7052.82,5438.95,16494.2,9661.99,0.165137,5598.96,1984.14,8980.11,5521.07,0.0943626
leaf_dq,7,2,100,350,29546.3,5099.81,17799.5,25784.7,16228,0.549239,3937.1,3345.16,10537.7,5939.97,0.201039,2697.78,3245.72,4035.45,3326.32,0.11258
leaf_dq,7,3,150,350,23924.6,8940.9,13041.6,25148.5,15710.3,0.656659,5499.85,2434.42,10633.3,6189.18,0.258695,3339.44,6942.08,3566.81,4616.11,0.192944
leaf_dq,7,4,200,350,78575.7,17709.2,28818.8,63627.7,36718.5,0.467301,5779.79,3852.98,23807.2,11146.7,0.141859,3983.45,4521.05,10146.8,6217.11,0.0791225
leaf_dq,7,5,250,350,30615.9,7796.28,12315.8,27723.4,15945.2,0.520814,3670.38,3431.48,10543,5881.63,0.19211,4082.43,2908.98,5984.84,4325.42,0.14128
leaf_dq,7,6,300,350,18841.9,6565.33,7925.8,19656.2,11382.5,0.604104,2844.86,2750.8,8856.85,4817.5,0.255681,5165.3,13187.9,4207.26,7520.17,0.39912
leaf_dq,7,7,350,350,17033.1,6691.99,8286.35,20330.1,11769.5,0.690977,3556.38,2877.46,9559.85,5331.23,0.312993,3690.86,3500.1,3834.38,3675.11,0.215763
leaf_dq,7,8,400,350,17603.1,7173.14,9756.21,18522.7,11817.4,0.671323,3571.73,2190.99,11621.4,5794.7,0.329186,3620.19,2817.74,4926.08,3788,0.21519
leaf_dq,7,9,450,350,16122.1,6796.49,7380.05,17859.9,10678.8,0.662372,3718.62,1543.94,11050.7,5437.76,0.337287,5863.82,5035.77,5046.85,5315.48,0.329702
leaf_dq,6,9,450,300,13620.3,7575.53,12871.4,21836,14094.3,1.0348,1784.3,2263.12,15418.5,6488.62,0.476392,3128.13,5439.66,4574.28,4380.69,0.321628
leaf_dq,6,8,400,300,16185.6,7576.61,9708.42,21463.7,12916.2,0.79801,2766.93,4481.92,18093,8447.29,0.521903,6041.51,7141.94,7530.2,6904.55,0.426587
leaf_dq,6,7,350,300,12773.2,6370.16,14575,17383.6,12776.3,1.00024,2443.1,1683.4,17107,7077.85,0.554119,3902.93,6095.99,5809.39,5269.44,0.41254
leaf_dq,6,6,300,300,12608.5,8068.57,6342.19,14962.6,9791.11,0.776547,2514.22,1070.58,12015.2,5199.99,0.412419,4505.27,6618.18,4652.45,5258.64,0.41707
leaf_dq,6,5,250,300,24279.6,6779.22,10186,20290.9,12418.7,0.511486,2434.35,2354.75,11130.3,5306.46,0.218556,2844.05,2123.06,3711.22,2892.78,0.119144
leaf_dq,6,4,200,300,32543.2,14878.9,21096.1,42819.2,26264.8,0.807074,3499.96,1552.51,21295.3,8782.58,0.269875,3595.04,10567.9,5699.96,6620.96,0.203452
leaf_dq,6,3,150,300,23988.4,8941.49,12465.7,29367,16924.7,0.70554,4945.47,2439.64,9309.45,5564.86,0.231981,3544.22,1844.27,5814.77,3734.42,0.155676
leaf_dq,6,2,100,300,15057,7622.5,7773.48,21025.9,12140.6,0.806312,3941.49,3383.56,13678.8,7001.3,0.464986,8085.85,6614.38,8469.74,7723.32,0.512939
leaf_dq,6,1,50,300,30284.3,13421.1,18016.4,43538.3,24991.9,0.825243,6456.2,3071.91,16078.4,8535.49,0.281845,4221.45,3655.46,6626.93,4834.62,0.159641
leaf_dq,6,0,0,300,63107.2,18002.8,25561.5,60560,34708.1,0.549986,5594.57,6142.78,20679.8,10805.7,0.171228,5331.39,3311.09,8399.42,5680.64,0.0900156
leaf_dq,5,0,0,250,59077.4,22101.2,31312.2,59019.9,37477.8,0.634384,4427.24,3985.87,25769.9,11394.3,0.192871,3919.92,6428.62,9397.87,6582.14,0.111415
leaf_dq,5,1,50,250,52907.9,17224.3,25694.2,57928.7,33615.7,0.635363,5029.55,3510.92,18663.7,9068.05,0.171393,4104.68,4196.95,6452.42,4918.02,0.0929543
leaf_dq,5,2,100,250,18199.9,9661.57,15380,27355.5,17465.7,0.959661,2424.23,2773.53,14459.1,6552.29,0.360019,4621.84,5247.52,4380.47,4749.94,0.260988
leaf_dq,5,3,150,250,18640.7,6590.5,8701.57,21078.4,12123.5,0.650376,4345.28,1822.43,9663.54,5277.09,0.283094,3627.91,2255.75,5064.34,3649.34,0.195772
leaf_dq,5,4,200,250,26783.5,8755.39,14280.1,29811.4,17615.6,0.657705,4446.01,2152.9,12568.7,6389.2,0.23855,3549.05,4546.55,4628.3,4241.3,0.158355
leaf_dq,5,5,250,250,15387.9,7827.56,11347,23519.6,14231.4,0.924845,4325.2,2765.62,17809.7,8300.19,0.539398,7032.91,7224.34,6771.94,7009.73,0.455536
leaf_dq,5,6,300,250,20884.2,5670.35,9811.2,21744.3,12408.6,0.594163,3869.92,2831.83,9590.55,5430.77,0.260042,3578.05,3012.95,4981.79,3857.59,0.184713
leaf_dq,5,7,350,250,14480.9,9519.95,17054.9,23760.5,16778.4,1.15866,3872.49,2191.23,14780.6,6948.1,0.479811,2624.16,6540.36,5175.86,4780.13,0.330099
leaf_dq,5,8,400,250,13660.7,8820.69,16027.7,18397.9,14415.4,1.05525,3407.44,1818.01,13278.1,6167.87,0.451503,2947.53,21481.3,4065.74,9498.19,0.695292
leaf_dq,5,9,450,250,15040.9,8361.25,12582.8,20694.9,13879.6,0.922791,2530.63,1735.18,13711.4,5992.42,0.398407,3410.34,8415.83,3487.33,5104.5,0.339374
leaf_dq,4,9,450,200,18677,10398.3,23441.5,34773.3,22871,1.22456,1694.58,4994.34,32534.3,13074.4,0.700027,7190.09,7778,10392.8,8453.64,0.452623
leaf_dq,4,8,400,200,12096.9,4709.84,8098.02,13997.5,8935.13,0.738632,3669.08,2222.78,10318.6,5403.47,0.446684,3359.5,2699.14,3685.85,3248.16,0.268513
leaf_dq,4,7,350,200,17746.5,7323.15,10561.4,23155.2,13679.9,0.770854,3538.14,2787.41,8562.3,4962.62,0.27964,3975.99,1820.07,4881.76,3559.27,0.200562
leaf_dq,4,6,300,200,14158,10120.6,10211.3,24589.2,14973.7,1.05762,3009.46,2454.18,18584.2,8015.96,0.56618,7816.65,6637,7473.39,7309.01,0.516247
leaf_dq,4,5,250,200,11748,8153.83,14090.7,18433.7,13559.4,1.15419,4483.81,3443.03,13974.8,7300.53,0.621429,2884.03,3236.78,3725.25,3282.02,0.279369
leaf_dq,4,4,200,200,20356.5,7295.95,12982.2,25467.9,15248.7,0.749081,5018.71,2121.07,11667.1,6268.96,0.307958,3722.38,4333.41,4809.41,4288.4,0.210665
leaf_dq,4,3,150,200,15131.7,8140.64,11649.5,20169.5,13319.9,0.880262,3713.02,1632.58,11509.2,5618.25,0.371289,3390.98,4270.76,4046.69,3902.81,0.257922
leaf_dq,4,2,100,200,29015.7,9064.61,14989.8,35674.1,19909.5,0.686162,3880.74,3136.56,13199.8,6739.04,0.232255,4212.75,5558.77,5229.33,5000.29,0.17233
leaf_dq,4,1,50,200,27850.9,11170.1,16694.7,35775.1,21213.3,0.761675,4630.19,2552.49,12358.9,6513.86,0.233884,4489.47,1971.01,5517.81,3992.76,0.143362
leaf_dq,4,0,0,200,30955.1,12964.1,22204.5,41858.3,25675.6,0.829446,4439.33,3316.11,19227,8994.15,0.290554,5906.67,11461.9,4528.68,7299.08,0.235795
leaf_dq,3,0,0,150,26734.6,8132.73,15800.6,26260.6,16731.3,0.62583,2637.98,3574.02,12853,6354.99,0.237707,3818.26,5651.57,3857.45,4442.43,0.166168
leaf_dq,3,1,50,150,38494,12699.5,22698.3,44302.9,26566.9,0.690156,4335.71,4811.07,19353,9499.92,0.246789,5019.89,6561.56,5504.35,5695.27,0.147952
leaf_dq,3,2,100,150,18116.2,11712.7,20617.1,35675.4,22668.4,1.25128,4768.04,4467.05,29745.8,12993.6,0.71724,8191.55,9615.76,8997.28,8934.87,0.493199
leaf_dq,3,3,150,150,16680.9,6924.46,8766.68,21223.4,12304.9,0.737663,3712.94,2292.89,8710.77,4905.53,0.294081,2633.42,3046.1,4045.41,3241.64,0.194333
leaf_dq,3,4,200,150,18813,8642.24,11741.9,23529.4,14637.8,0.77807,3644.05,3768.44,10314.4,5908.96,0.314089,3613.78,8133.4,3239.62,4995.6,0.26554
leaf_dq,3,5,250,150,12097.8,5402.91,6696.96,13757.4,8619.08,0.712452,2637.77,1904.77,7834.58,4125.71,0.34103,3353.69,10580.9,4414.31,6116.31,0.505573
leaf_dq,3,6,300,150,19226.2,7740.99,7191.96,22580,12504.3,0.650381,3511.1,4894.55,17337.3,8580.99,0.446319,10267.1,6019.16,8446.94,8244.41,0.428812
leaf_dq,3,7,350,150,14059.8,9181.96,10563,19623,13122.6,0.933347,2385.97,3550.53,15511.2,7149.22,0.508488,7405.07,4818.73,8296.81,6840.2,0.486509
leaf_dq,3,8,400,150,13476.8,6087.58,6685.5,16152.3,9641.8,0.715437,4706.31,2675.44,11479.6,6287.13,0.466515,5647.24,3867.5,5204.56,4906.43,0.364065
leaf_dq,3,9,450,150,13874.7,7697.39,11304.2,19150.3,12717.3,0.916579,3772.81,1299.8,13024.9,6032.5,0.434784,2695.11,5436.42,4183.63,4105.05,0.295866
leaf_dq,2,9,450,100,16760,7954.11,19033.4,21184,16057.2,0.958067,2384.27,3282.17,15236.7,6967.71,0.415735,3718.73,6148.84,4804.95,4890.84,0.291817
leaf_dq,2,8,400,100,15562.4,7033.82,7405.9,18814,11084.6,0.712267,3372.31,2264.33,11748.8,5795.14,0.372381,7178.07,5561.65,4992,5910.57,0.379799
leaf_dq,2,7,350,100,11728.5,7124.58,10929.9,17393.8,11816.1,1.00747,3525.1,2279.62,10621.9,5475.55,0.466856,3578.15,4543.2,5035.32,4385.56,0.373921
leaf_dq,2,6,300,100,12818.5,6375.68,10381.9,16003.1,10920.2,0.851913,2886.4,1311.81,14060.6,6086.28,0.474804,7389.65,6451.93,4743.74,6195.11,0.483295
leaf_dq,2,5,250,100,13164.8,7744.95,15898.3,20412,14685.1,1.11548,1326.34,2230.54,14695.3,6084.07,0.462146,4817.81,8196.49,4527.15,5847.15,0.44415
leaf_dq,2,4,200,100,13547.5,5662.09,7954.44,19722.9,11113.1,0.820308,4298.87,2862.54,7003.59,4721.67,0.348526,3104,3169.42,4283.79,3519.07,0.259758
leaf_dq,2,3,150,100,12742.1,6631.44,10396.8,22304.3,13110.9,1.02894,4252.35,2331.22,9887.37,5490.32,0.430879,3643.35,2404.15,4539.77,3529.09,0.276962
leaf_dq,2,2,100,100,12521.5,7528.74,11207.6,21555.4,13430.6,1.0726,4336.75,2910.75,8738.58,5328.69,0.425564,3283.12,3325.25,3151.44,3253.27,0.259815
leaf_dq,2,1,50,100,25464.1,8487.78,12304.4,25518.1,15436.8,0.606216,2399.38,4196.95,11441,6012.43,0.236114,3423.93,7053.61,5973.3,5483.62,0.215347
leaf_dq,2,0,0,100,17867.5,5687.85,11661.9,26326.2,14558.6,0.81481,3079.27,2256.28,8632.48,4656.01,0.260585,3399.81,2153.36,3528.2,3027.12,0.16942
leaf_dq,1,0,0,50,27680.5,14153,20316.2,45890.8,26786.7,0.967709,4559.32,4132.27,14545.5,7745.71,0.279826,4511.93,3470.72,6633.93,4872.19,0.176015
leaf_dq,1,1,50,50,13661,6807.54,8840.22,20443.8,12030.5,0.880647,3485.23,2082.87,8380.55,4649.55,0.340352,3327.11,3779.43,3609.4,3571.98,0.261473
leaf_dq,1,2,100,50,15513.3,6044.11,9869.67,18326.7,11413.5,0.735722,1979.4,2889.52,12354.9,5741.28,0.370087,4785.98,6225.27,5354.24,5455.16,0.351644
leaf_dq,1,3,150,50,14421.7,11690.3,13984.2,32791.1,19488.6,1.35133,5079.73,2458.48,10372,5970.06,0.413963,3952.41,1626.47,6903.36,4160.74,0.288505
leaf_dq,1,4,200,50,23131.9,9611.2,12072.2,28225.6,16636.3,0.719194,4212.49,2110.21,10868.2,5730.3,0.247723,3754.44,879.344,3002.21,2545.33,0.110036
leaf_dq,1,5,250,50,12026.9,5637.08,8218.83,13412.8,9089.57,0.755772,3274.97,2650.16,5746.72,3890.62,0.323493,3345.55,4520.98,5454.28,4440.27,0.369196
leaf_dq,1,6,300,50,15891.6,5191.73,8539.09,18369.5,10700.1,0.67332,2516.7,1729.7,10858,5034.81,0.316823,4437.52,3503.94,4353.87,4098.44,0.257901
leaf_dq,1,7,350,50,17829.6,11695,13872,23615.8,16394.3,0.919496,4994.57,5925.95,11030.8,7317.11,0.410391,3170.25,4099.51,4412.77,3894.18,0.218411
leaf_dq,1,8,400,50,11484.2,7444.22,9040.83,17698.9,11394.6,0.9922,2658.45,1324.05,9510.02,4497.5,0.391625,2514.56,4586.62,3275.29,3458.82,0.301181
leaf_dq,1,9,450,50,16321.4,8231.07,12111.6,23406.1,14582.9,0.893488,2784.5,1121.43,11274.9,5060.29,0.310041,2389.01,5410.58,4102.54,3967.38,0.243079
leaf_dq,0,9,450,0,18462.2,9980.41,14839.8,27803.5,17541.3,0.950118,3104.05,1578.44,13917,6199.84,0.335813,3746.74,5739.98,4527.51,4671.41,0.253026
leaf_dq,0,8,400,0,28982.7,10815.6,23425.9,53894.9,29378.8,1.01367,7793.13,6809.54,46590.6,20397.8,0.703791,10161.1,9159.7,20710.4,13343.7,0.460403
leaf_dq,0,7,350,0,19073.2,8105.74,12454.2,29199.8,16586.6,0.869626,3270.89,4045.58,22256.8,9857.77,0.516838,7387.77,6864.11,9956.99,8069.62,0.423086
leaf_dq,0,6,300,0,11450.7,8696.59,12139.5,22954.9,14597,1.27477,3855.45,2038.6,16046.6,7313.55,0.638701,6024.77,6359.74,6549.77,6311.43,0.551184
leaf_dq,0,5,250,0,17213.1,9758.5,14717.7,27406,17294.1,1.0047,2827.38,2645.67,11547.1,5673.38,0.329597,3149.98,2252.91,5854.07,3752.32,0.217992
leaf_dq,0,4,200,0,37696.6,14096.8,21645.3,50239.7,28660.6,0.760298,5238.68,3657.1,17332.5,8742.77,0.231925,4130.09,2201.3,7326.16,4552.51,0.120767
leaf_dq,0,3,150,0,19107.1,10849.7,21958.8,39726.7,24178.4,1.26542,4218.83,4348.53,32733.8,13767,0.720521,9731.45,7648.02,11818.7,9732.72,0.509378
leaf_dq,0,2,100,0,10842.5,11169.1,16120,25134.8,17474.6,1.61167,1660,1594.72,16616.2,6623.63,0.610893,4448.32,4064.89,4488.12,4333.78,0.399701
leaf_dq,0,1,50,0,10234.9,6227.68,12036.8,19043.4,12436,1.21505,2917.45,1338.67,14871.3,6375.81,0.622947,4294.01,4256.69,2367.38,3639.36,0.355582
leaf_dq,0,0,0,0,10116.7,7075.84,8978.23,21508,12520.7,1.23763,2529.85,2824.82,11927.6,5760.77,0.569434,4519.49,2818.99,5494.08,4277.52,0.42282
leaf_tb1,9,0,0,450,33209.3,1324.33,7709.95,38872.9,15969.1,0.480862,26765.5,47746.6,29461.2,34657.8,1.04362,6590.67,8727.19,2812.67,6043.51,0.181983
leaf_tb1,9,1,50,450,34386.3,3067.45,9143.66,41765.1,17992.1,0.523233,30600.3,53184.6,30504.2,38096.4,1.10789,7518.52,2877.69,3114.46,4503.56,0.130969
leaf_tb1,9,2,100,450,24727.2,10403,16563.4,41796.9,22921.1,0.92696,11700.5,6131.97,35698.7,17843.7,0.721624,6254.21,7120.95,14459.3,9278.15,0.375221
leaf_tb1,9,3,150,450,20101.8,773.102,5477.91,25502.5,10584.5,0.526547,13828.3,21732.9,19542.1,18367.8,0.913739,3297.99,3575.82,2126.06,2999.96,0.149239
leaf_tb1,9,4,200,450,22206.7,9424.36,14947.7,38707.8,21026.6,0.946861,12035,4657.51,35450.2,17380.9,0.782689,4177.14,7059.14,13426.3,8220.87,0.370198
leaf_tb1,9,5,250,450,28188.8,8351.53,11640.5,36050.2,18680.8,0.662702,9113,4383.27,31817.6,15104.6,0.535838,8902.77,8289.1,14782.8,10658.2,0.378101
leaf_tb1,9,6,300,450,25649.9,3740.11,3927.24,21930.2,9865.86,0.384635,11329.8,14974,15358.4,13887.4,0.541422,4404.17,3924.53,4322.48,4217.06,0.164409
leaf_tb1,9,7,350,450,22236.5,10452.6,16551.8,41434.1,22812.8,1.02592,6427.81,4502.3,35724.5,15551.5,0.699369,7483.39,7477.76,12196,9052.4,0.407096
leaf_tb1,9,8,400,450,14779.2,2895.09,5379.29,8948.38,5740.92,0.388447,5897.63,10267.8,8860.81,8342.07,0.564448,2729.5,3074.7,2101.64,2635.28,0.178311
leaf_tb1,9,9,450,450,42054.3,7277.78,15732.7,45628.4,22879.6,0.54405,22089.9,41850.6,33928.7,32623,0.775737,7117.65,4868.25,3904.97,5296.95,0.125955
leaf_tb1,8,9,450,400,14055.7,1452.19,3727.05,7517.22,4232.15,0.301099,3776.69,7886.87,6785.06,6149.54,0.437513,3245.13,2744.07,1720.41,2569.87,0.182835
leaf_tb1,8,8,400,400,17402.4,1283.63,5462.73,13881.7,6876.01,0.395118,7265.03,12348.7,10378.2,9997.31,0.574478,3044.29,2941.97,4001.91,3329.39,0.191318
leaf_tb1,8,7,350,400,13083,2738.35,9091.68,11769.2,7866.42,0.601271,4556.88,7580.84,8663.59,6933.77,0.529984,2353.84,3666.08,2294.03,2771.32,0.211826
leaf_tb1,8,6,300,400,23227.2,8163.34,11910.1,29123.1,16398.9,0.706021,7470.64,4057.79,26463.2,12663.9,0.545218,5998.1,6951.08,11993.1,8314.09,0.357947
leaf_tb1,8,5,250,400,14463.5,887.157,4170.98,11102,5386.71,0.372434,7507.87,10338.1,9853.16,9233.03,0.638367,3679.93,2857.88,2849.78,3129.2,0.216351
leaf_tb1,8,4,200,400,22274.1,10850.7,11289.7,38567.3,20235.9,0.908491,7433.66,4113.7,32440.4,14662.6,0.658278,7103.35,8498.8,13848.4,9816.85,0.440729
leaf_tb1,8,3,150,400,21150.2,8375.95,12359.1,36956.5,19230.5,0.909236,7522.25,4671.67,31963.5,14719.1,0.695934,9158.92,6255.77,14396.7,9937.12,0.469835
leaf_tb1,8,2,100,400,20235.6,8646.07,10588.7,30589.1,16608,0.820729,8313.3,6436.61,25212.7,13320.9,0.658288,8436.18,10297.3,12756,10496.5,0.518714
leaf_tb1,8,1,50,400,13178.7,1241.43,5362.81,10955.4,5853.21,0.444143,8376.12,14886.7,9075.02,10779.3,0.817935,4431.8,3152.09,1534.83,3039.57,0.230644
leaf_tb1,8,0,0,400,9584.64,1534.9,4528.24,6566.24,4209.79,0.439223,5334.84,8480.07,5937.79,6584.23,0.686957,2792.51,2374.11,2256.34,2474.32,0.258155
leaf_tb1,7,0,0,350,17688.2,1211.1,3763.92,17267,7414.02,0.419151,13312.6,23079.9,11317.4,15903.3,0.899091,3450.59,3616.08,1690.33,2919,0.165026
leaf_tb1,7,1,50,350,22875.7,11438.1,17875.8,45430.4,24914.8,1.08914,10965.4,3071.11,40670.7,18235.7,0.797166,9558.8,8329.58,14636.7,10841.7,0.47394
leaf_tb1,7,2,100,350,21333.8,11679,9876.59,34598.2,18717.9,0.877382,6730.41,3013.59,29653.8,13132.6,0.615576,7596.94,6236.38,13935.4,9256.24,0.433876
leaf_tb1,7,3,150,350,19238.8,8980.8,15115.5,39150.1,21082.1,1.09581,7297.81,3627.12,33233.1,14719.4,0.765086,9149.9,6735.04,14512.1,10132.3,0.52666
leaf_tb1,7,4,200,350,17449.5,5108.79,5685.99,18145.1,9646.62,0.552831,5663.42,3802.58,16362.6,8609.53,0.493397,5866.69,5672.79,9119.64,6886.37,0.394646
leaf_tb1,7,5,250,350,24858.7,10165.2,19731.7,41824.7,23907.2,0.961724,11124.3,4688.56,38917.6,18243.5,0.733888,7651.2,7754.36,12697.1,9367.56,0.376833
leaf_tb1,7,6,300,350,20221.5,9146.68,9841.78,24339.7,14442.7,0.714224,6605.99,4500.42,23007.8,11371.4,0.562341,7052.86,8114.27,12543.2,9236.76,0.456778
leaf_tb1,7,7,350,350,16658,1077.79,7361.43,10273.3,6237.51,0.374446,6828.9,9085.73,10928.3,8947.63,0.537137,3704.37,2303.41,2470.65,2826.14,0.169657
leaf_tb1,7,8,400,350,27865.6,15879.2,10282.2,35945,20702.1,0.742929,7143.07,3513.77,32918.2,14525,0.521253,6989.84,10989.9,15393.1,11124.3,0.399212
leaf_tb1,7,9,450,350,23954.9,6851.51,12873.5,37600.4,19108.5,0.797684,6911.94,3649.91,34201.2,14921,0.62288,6047.83,6649.12,15776.4,9491.12,0.396208
leaf_tb1,6,9,450,300,23232.4,10123.8,16798.5,37069,21330.4,0.918132,7522.6,3138.11,35508.2,15389.6,0.66242,5354.75,6819.96,13863,8679.24,0.373583
leaf_tb1,6,8,400,300,19232,7274.86,9811.5,25041.9,14042.7,0.730174,6683.79,3157.43,20991.6,10277.6,0.5344,5027.51,5811.04,10336.8,7058.45,0.367015
leaf_tb1,6,7,350,300,27696.3,14258.5,21053.6,57416.4,30909.5,1.11601,19252.4,5284.89,51723.5,25420.2,0.91782,9153.91,7736.18,21509.5,12799.9,0.46215
leaf_tb1,6,6,300,300,18589.8,7159.33,10880,30905.8,16315,0.877635,5794.69,4852.67,28169.9,12939.1,0.696031,7182.55,5561.62,12119,8287.74,0.445822
leaf_tb1,6,5,250,300,18559.3,3744.23,3762.04,13988.1,7164.79,0.386048,4251.29,3911.07,13554.6,7238.99,0.390046,6974.56,4724.67,5291.39,5663.54,0.305158
leaf_tb1,6,4,200,300,21444,10234,13695.1,38618.6,20849.2,0.972262,7632.05,4030.42,34759.4,15473.9,0.721597,7354.83,6322.52,14269.7,9315.69,0.434418
leaf_tb1,6,3,150,300,25772.6,13449.6,13149,39191.8,21930.1,0.85091,9125.53,3005.71,34852.8,15661.3,0.607674,10223.3,8151.34,17846.7,12073.8,0.468474
leaf_tb1,6,2,100,300,24526.7,10490.3,12849,37822.2,20387.2,0.831222,9824.78,4163.1,32733.9,15573.9,0.634977,8378.35,7137.21,15339.5,10285,0.419339
leaf_tb1,6,1,50,300,21752.9,11364.5,10889.9,32777.5,18344,0.843289,5849.74,2389.69,28891.5,12377,0.568981,6821.5,6422.39,14498.8,9247.58,0.42512
leaf_tb1,6,0,0,300,21947.6,9625.99,15663.9,37580.8,20956.9,0.954859,7981.64,3793,33731.3,15168.6,0.691128,8418.1,6643.69,12089,9050.27,0.412358
leaf_tb1,5,0,0,250,21235.6,12346.5,15539.1,39555.1,22480.2,1.05861,9842.48,3155.42,34892.5,15963.5,0.75173,6962.54,6781.17,15616.8,9786.83,0.460868
leaf_tb1,5,1,50,250,22568,12036.6,9186.33,36284.8,19169.2,0.849399,10642.9,3713.64,29996.7,14784.4,0.655105,9580.77,9273.68,14758.4,11204.3,0.496468
leaf_tb1,5,2,100,250,19303.8,8464.6,7835.4,28153.7,14817.9,0.767617,6386.62,3599.22,22956.1,10980.6,0.568834,9604.02,5288.49,12102.6,8998.38,0.466147
leaf_tb1,5,3,150,250,22103.4,10109.4,11221.5,36189.9,19173.6,0.867451,7757.8,3873.78,28825.4,13485.7,0.610118,6740.1,8322.31,15669.7,10244,0.46346
leaf_tb1,5,4,200,250,20297.6,8853.35,6844.26,25891.7,13863.1,0.682992,6207.26,2844.67,21791.2,10281.1,0.506516,6237.65,8640.79,13411.7,9430.03,0.464588
leaf_tb1,5,5,250,250,20681.8,9321.69,11986.3,35372.2,18893.4,0.913527,8093.78,1510.73,28726.5,12777,0.617789,7457.3,6952.63,15040.4,9816.78,0.474658
leaf_tb1,5,6,300,250,25750.6,11285.3,8945.51,34245,18158.6,0.705174,8784.8,2487.49,28373.6,13215.3,0.513204,8428.45,7844.66,14422.2,10231.8,0.397341
leaf_tb1,5,7,350,250,21429.6,5983.69,5266.25,19673.1,10307.7,0.481003,4685.59,2184.64,14535.9,7135.37,0.332968,9703.01,3666.95,9423.27,7597.74,0.354545
leaf_tb1,5,8,400,250,18950.1,5850.23,7813.06,24826.5,12829.9,0.677036,4098.84,3259.76,21246,9534.85,0.503154,8624.47,5722.47,10713.4,8353.45,0.440812
leaf_tb1,5,9,450,250,31881.4,2883.92,5124.35,12735.3,6914.53,0.216883,2975.96,6053.3,12712.2,7247.16,0.227316,3275.03,3238.09,3424.77,3312.63,0.103905
leaf_tb1,4,9,450,200,21091.9,2512.18,3668.26,10281.7,5487.39,0.260165,3622.74,3020.19,8886.29,5176.41,0.245421,3942.54,3950.35,3325.2,3739.37,0.177289
leaf_tb1,4,8,400,200,21370.2,12736.7,14509.2,37084.1,21443.4,1.00342,9465.53,3423.7,32425.3,15104.8,0.706816,6142.79,7548.86,12965.7,8885.8,0.415803
leaf_tb1,4,7,350,200,16941,2229.85,2892.96,9075.3,4732.7,0.279364,2998.95,2671.67,7417.15,4362.59,0.257517,3004.22,3178.42,2813.58,2998.74,0.177011
leaf_tb1,4,6,300,200,27206.3,14546.4,17392.1,44216.6,25385,0.933055,9497.58,3159.71,39718.6,17458.6,0.641711,7445.36,10202.4,16357.3,11335,0.416632
leaf_tb1,4,5,250,200,17546.5,12255.4,11093.5,32657.6,18668.8,1.06396,7627.18,1643.49,28277.6,12516.1,0.713309,9291.37,7619.61,15178.9,10696.6,0.609616
leaf_tb1,4,4,200,200,19863.7,10764.7,11030,36438.2,19411,0.977211,6292.01,1574.64,29675,12513.9,0.629989,7893.88,3648.6,14907.5,8816.67,0.443859
leaf_tb1,4,3,150,200,19648.6,9867.94,6958.96,28994.4,15273.8,0.777347,5355.14,1963.81,22632.5,9983.83,0.508119,7170.01,6262.15,12009.7,8480.6,0.431614
leaf_tb1,4,2,100,200,23486.4,11624.6,10518.5,38794.4,20312.5,0.864864,6661.36,4321.6,31844.3,14275.8,0.607832,10029.7,6902.64,15454.6,10795.6,0.459655
leaf_tb1,4,1,50,200,19060.5,7554.57,13352.4,35480.3,18795.8,0.986108,7768.29,3443.13,31321.6,14177.7,0.743824,9236.62,4149.87,14682.6,9356.37,0.490876
leaf_tb1,4,0,0,200,19040.6,13113.3,11370,36493,20325.4,1.06748,9706.86,3031.38,31652.9,14797.1,0.777131,8227.86,7358.18,14948.9,10178.3,0.534558
leaf_tb1,3,0,0,150,21030.3,15063.2,10716.3,39883.5,21887.7,1.04077,9318.7,4692.07,34246,16085.6,0.764877,12319.2,8076.66,17460.8,12618.9,0.600035
leaf_tb1,3,1,50,150,24277,10330.5,11361.8,34794.4,18828.9,0.775586,9267.59,3307.94,29010.7,13862.1,0.570996,7230.36,8622.51,14726.6,10193.2,0.41987
leaf_tb1,3,2,100,150,19630.6,10142.4,8212.62,28108.6,15487.9,0.788966,4462.58,2215.21,25108.5,10595.4,0.539742,8079.6,6206.03,11428.6,8571.4,0.436635
leaf_tb1,3,3,150,150,20602.8,12737.5,13300.3,36471.8,20836.5,1.01135,9791.25,1578,31051.2,14140.2,0.686323,9903.21,8168.69,16379,11483.6,0.557383
leaf_tb1,3,4,200,150,25721.3,14816.3,16676.9,49069.8,26854.3,1.04405,10277.7,2912.57,40644,17944.8,0.697661,15645.4,10210.9,21242.6,15699.6,0.610374
leaf_tb1,3,5,250,150,18305.2,9829.62,8527.48,29405.1,15920.7,0.869739,8500.05,4158.31,22786.6,11815,0.645445,7590.68,6315.09,12821.1,8908.96,0.486691
leaf_tb1,3,6,300,150,14644.7,6879.84,8225.01,22618.7,12574.5,0.858639,2932.45,3360.2,19842.8,8711.83,0.594879,9495.22,8015.69,8555.46,8688.79,0.593306
leaf_tb1,3,7,350,150,13441.9,5863.54,14516.7,18129,12836.4,0.954955,2692.06,1983.27,18306.8,7660.72,0.569914,4372.38,4114.15,3358.43,3948.32,0.293732
leaf_tb1,3,8,400,150,17858.6,3970.91,5567.76,10522.8,6687.15,0.37445,3767.99,2232.42,10075.9,5358.77,0.300067,2878.44,4537.08,4032.86,3816.13,0.213686
leaf_tb1,3,9,450,150,27022,8873.82,8760.45,27744.9,15126.4,0.559779,5312.39,6294.73,24303,11970,0.442973,9763.65,7355.75,15618.8,10912.7,0.403846
leaf_tb1,2,9,450,100,19998.9,8103.27,7473.82,26433.6,14003.6,0.700216,4990.89,4103.5,22863.2,10652.5,0.532655,7520.05,5256.93,12715.8,8497.59,0.424902
leaf_tb1,2,8,400,100,13543.5,3806.37,3609.72,14787,7401.02,0.546465,2984.72,2320.21,13662,6322.3,0.466816,7496.15,4690.92,7732.16,6639.74,0.490255
leaf_tb1,2,7,350,100,21160.8,9035.62,11873,30019.3,16976,0.802236,9204.32,2879.81,26954,13012.7,0.614944,5415.14,6513.89,12682,8203.67,0.387682
leaf_tb1,2,6,300,100,23519.7,9036.99,9464.38,27136.1,15212.5,0.646797,8304.4,5695.47,25100.5,13033.5,0.554151,6991.6,7617.11,14735.2,9781.29,0.415876
leaf_tb1,2,5,250,100,22804.4,13856.5,10911.9,33786.2,19518.2,0.855896,10007.6,5057.63,29084,14716.4,0.645334,7781.68,7632.66,15846.5,10420.3,0.456942
leaf_tb1,2,4,200,100,20067.3,10511.4,10825.7,33205.1,18180.7,0.905987,8729.4,2483.34,27332.7,12848.5,0.640269,6869.09,4919.61,15210.1,8999.6,0.44847
leaf_tb1,2,3,150,100,25696.1,9790.96,7713.51,29073.9,15526.1,0.604221,7221.5,4069.71,24495.9,11929,0.464236,6063.62,5643.02,15236,8980.86,0.349503
leaf_tb1,2,2,100,100,15728.2,7415.88,7469.4,19816.2,11567.2,0.735441,2463.96,2280.94,20179.3,8308.07,0.528227,8028.84,6343.87,8247.55,7540.09,0.479398
leaf_tb1,2,1,50,100,19630.4,11120.2,11408.2,34537.3,19021.9,0.969001,5827.47,3413.66,29542.6,12927.9,0.658565,8584.08,5221.2,11810.2,8538.49,0.434962
leaf_tb1,2,0,0,100,20345.6,12425.8,10350.6,33530.1,18768.8,0.922503,8070.13,2745.94,26976.6,12597.6,0.61918,6924.77,5957.6,12432.7,8438.36,0.414752
leaf_tb1,1,0,0,50,22591.3,9604.39,5962.33,27280.2,14282.3,0.632204,7694.01,4890.71,24576,12386.9,0.548305,6814.99,4376.48,13420.8,8204.09,0.363153
leaf_tb1,1,1,50,50,21519.6,12283.7,7940.24,30840.8,17021.6,0.790981,8580.82,3484.97,24419.3,12161.7,0.565146,8433.2,5216.69,16190.5,9946.8,0.462221
leaf_tb1,1,2,100,50,24846.3,10304.7,8396.9,28391.4,15697.7,0.63179,8317.36,3193.5,24342.8,11951.2,0.481005,8645.44,4374.75,13297.4,8772.52,0.353071
leaf_tb1,1,3,150,50,23805.2,11696,11426.1,36903.6,20008.6,0.840513,11687,3800.7,30160,15215.9,0.639185,9566.41,7937.04,15724.2,11075.9,0.465272
leaf_tb1,1,4,200,50,23086.7,10456.5,10840.8,31447,17581.4,0.761541,7291.04,2815.39,26675.7,12260.7,0.531073,6508.33,6286.65,13280.7,8691.9,0.37649
leaf_tb1,1,5,250,50,20832.5,12451.1,14138.3,33686.8,20092.1,0.964458,8937.13,5154.09,28940.8,14344,0.688539,8455.16,7244.11,16340.3,10679.8,0.512652
leaf_tb1,1,6,300,50,22630.2,11318.2,12299.6,30561.7,18059.8,0.798041,7374.49,2433.42,27591.2,12466.4,0.550874,6542.16,4792.54,12839.9,8058.2,0.356082
leaf_tb1,1,7,350,50,24753.9,11718.1,14086,37167.3,20990.5,0.847966,5509.39,2539.45,32438.4,13495.7,0.545196,8805.3,7875.97,13063.7,9915,0.400543
leaf_tb1,1,8,400,50,17534,8099.52,11481.5,28119.6,15900.2,0.906823,4772.71,2858.31,26586.9,11406,0.650507,7231.99,6652.74,11093,8325.92,0.474845
leaf_tb1,1,9,450,50,15721.9,10067.7,11375.1,28279.4,16574.1,1.0542,5289.44,3779.85,26108.4,11725.9,0.745831,8287.94,6776.45,12008,9024.12,0.573983
leaf_tb1,0,9,450,0,13695.8,11047.3,10721.8,29916,17228.4,1.25793,4933.27,3650.36,26375.9,11653.2,0.850854,8773.64,5371.46,11308.6,8484.56,0.619499
leaf_tb1,0,8,400,0,15831.8,6735.66,10455.5,28297.4,15162.8,0.957749,4666.27,2508.79,24090.7,10421.9,0.658291,5313.21,4778.73,11382.9,7158.29,0.452148
leaf_tb1,0,7,350,0,16265,9644.13,12717.7,31946.9,18102.9,1.113,5711.89,3241.75,28515.4,12489.7,0.767888,6502.96,3522.11,11827.2,7284.09,0.447839
leaf_tb1,0,6,300,0,16715,9841.28,10598,29564,16667.8,0.997174,5762.37,1608.33,25821.4,11064,0.661922,5642.41,5800.34,11924.2,7788.99,0.465988
leaf_tb1,0,5,250,0,15720.1,9426.39,10823.1,30378.2,16875.9,1.07352,5215.32,2749.1,27098.1,11687.5,0.743473,7318.98,4203.01,13314.7,8278.88,0.526641
leaf_tb1,0,4,200,0,18213.9,11133.7,13060.3,33087.7,19093.9,1.04831,5029.12,3244.01,28781.2,12351.5,0.678133,7433.72,5103.3,12383.5,8306.85,0.456072
leaf_tb1,0,3,150,0,18569.8,10502.2,14178.7,34518.7,19733.2,1.06265,6441.96,1899.28,29954,12765.1,0.68741,7384.73,6276.41,12859.7,8840.28,0.476056
leaf_tb1,0,2,100,0,21994.4,13199.4,14397.9,37511.9,21703.1,0.986754,6524.56,3506.97,31827.1,13952.9,0.634383,8861.66,7619.36,15871.5,10784.2,0.490315
leaf_tb1,0,1,50,0,23040.1,11106.8,13117.2,37456,20560,0.892358,9220.81,3476.63,32517.5,15071.6,0.654148,14073.7,6764.38,17722.2,12853.4,0.557872
leaf_tb1,0,0,0,0,20791.4,12619.9,9958.19,34915.4,19164.5,0.921751,5049.21,3804.69,31349.2,13401,0.644546,9265.19,6832.65,14242,10113.3,0.486417
leaf_thi2,9,0,0,450,15269.7,3070.4,10629.8,6020.97,6573.72,0.430509,2104.37,1651.31,6132.91,3296.2,0.215866,6757.8,7055.73,11469,8427.5,0.551911
leaf_thi2,9,1,50,450,18838.1,23801.2,10230.2,16739.9,16923.7,0.89838,137.888,1685.25,22979.6,8267.58,0.438877,11234.6,14802,23269,16435.2,0.872446
leaf_thi2,9,2,100,450,10684.7,2016.83,6923.66,4116.08,4352.19,0.407331,2571.4,2437.67,3204.02,2737.7,0.256227,8724.02,7787.44,14229.3,10246.9,0.959029
leaf_thi2,9,3,150,450,10442,1466.15,6141.01,2893.95,3500.37,0.33522,1550.75,1907.4,4042.08,2500.08,0.239425,4578.85,4278.06,6773.03,5209.98,0.498945
leaf_thi2,9,4,200,450,9765.73,1965.68,7852.95,3278.76,4365.79,0.447053,1729.63,2232.12,4404.49,2788.75,0.285565,5413.77,4013.33,6625.09,5350.73,0.547909
leaf_thi2,9,5,250,450,15902.5,3200.5,10853.7,5922.11,6658.75,0.418724,2192.96,2343.59,7550.59,4029.05,0.25336,6953.93,7472.48,8420.66,7615.69,0.4789
leaf_thi2,9,6,300,450,12830.8,2018.14,8011.43,4018.73,4682.76,0.364962,1222.29,2240.75,3290.4,2251.15,0.175448,6882.34,8009.21,9518.22,8136.59,0.634144
leaf_thi2,9,7,350,450,15674.4,3635.4,8343.66,7976.39,6651.82,0.424375,1430.82,2886.9,8806.78,4374.84,0.279107,6965.55,7984.43,10436.5,8462.16,0.539872
leaf_thi2,9,8,400,450,14597.6,2925.78,8493.86,7084.12,6167.92,0.422529,1387.22,2737.25,7477.31,3867.26,0.264924,7511.84,9330.51,10139.4,8993.91,0.616121
leaf_thi2,9,9,450,450,16988.6,2744.81,8212.66,6216.63,5724.7,0.336973,2237.11,2644.02,6022.63,3634.59,0.213942,5355.69,3495.25,4865.25,4572.06,0.269125
leaf_thi2,8,9,450,400,9987.52,3150.32,8305.97,4227.45,5227.92,0.523445,2341.85,1823.04,7554.67,3906.52,0.39114,5342.8,3164.37,3814.07,4107.08,0.411221
leaf_thi2,8,8,400,400,10179.5,2749.32,8409.77,5885.05,5681.38,0.558117,2075.51,2838.84,6781.56,3898.63,0.382987,6237.65,4839.41,7842.81,6306.62,0.619539
leaf_thi2,8,7,350,400,15274.4,3260.87,7467.74,6229.3,5652.63,0.370072,2229.69,3700.99,6181.92,4037.53,0.264333,7729.12,5824.51,8768.75,7440.79,0.487141
leaf_thi2,8,6,300,400,19848.5,3799.2,11558.9,14879.2,10079.1,0.507802,645.769,3138.78,12860.7,5548.4,0.279538,7188.89,8699.05,8992.04,8293.33,0.417832
leaf_thi2,8,5,250,400,14771.4,3357.82,9129.51,7423.83,6637.05,0.449317,2363.33,2364.54,5899.28,3542.38,0.239813,7427.56,4898.49,9990.06,7438.7,0.503588
leaf_thi2,8,4,200,400,8954.39,2055.86,7730.25,3451.85,4412.65,0.492792,2362.24,2068.48,3186.36,2539.02,0.283551,7233.16,5176.06,8563.93,6991.05,0.78074
leaf_thi2,8,3,150,400,12741.9,2157.47,6430.69,3325.27,3971.14,0.31166,1699.79,2270.68,4500.53,2823.67,0.221605,6624.36,4933.32,7368.09,6308.59,0.495105
leaf_thi2,8,2,100,400,12191.6,2468.71,9690.47,6748.62,6302.6,0.516963,1645.44,2321.63,6727.31,3564.79,0.292398,7855.83,6174.73,9474.47,7835.01,0.642657
leaf_thi2,8,1,50,400,17354.7,1990.81,7509.59,6340.76,5280.39,0.304263,1807.81,2328.37,5640.73,3258.97,0.187787,7092.42,5578.32,9232.2,7300.98,0.420693
leaf_thi2,8,0,0,400,12069.8,2197.8,6523.74,3000.47,3907.34,0.323729,1910.58,2629.27,3667.47,2735.77,0.226663,6249.99,4567.77,5926.11,5581.29,0.462418
leaf_thi2,7,0,0,350,28180.9,4518.61,7569.15,8582.83,6890.2,0.244499,1662.31,3295.14,8555.49,4504.31,0.159836,7474.59,8769.62,11559.3,9267.83,0.328869
leaf_thi2,7,1,50,350,18357.2,4561.55,7731.74,8753.49,7015.59,0.382172,1328.33,1918.03,7349.8,3532.05,0.192407,6882.24,5868.33,5945.1,6231.89,0.33948
leaf_thi2,7,2,100,350,23056.2,12773.3,8984.34,16121.1,12626.2,0.547628,1583.55,2763.76,12532.1,5626.48,0.244033,8453.95,12335.7,10711.5,10500.4,0.455426
leaf_thi2,7,3,150,350,20573.7,6509.5,14424.5,8580.81,9838.28,0.478197,1114.8,3059.28,9238.24,4470.77,0.217306,10760.1,13508.4,23449.8,15906.1,0.773129
leaf_thi2,7,4,200,350,30674.4,3682.65,7824.34,7676.03,6394.34,0.208459,1737.7,1991.84,6999.51,3576.35,0.116591,8149.67,6796.72,12878.8,9275.07,0.302372
leaf_thi2,7,5,250,350,17469.5,3080.22,6815.28,5590.27,5161.93,0.295482,2025.75,2368.87,5584.58,3326.4,0.190412,8190.67,7395.63,12124.8,9237.04,0.528752
leaf_thi2,7,6,300,350,19576.5,13151.4,10076,12598.1,11941.8,0.610007,1226.2,3326.67,9503.72,4685.53,0.239344,8604.79,13687.1,12774.4,11688.8,0.597081
leaf_thi2,7,7,350,350,26561.2,5388.43,7890.51,9311.41,7530.11,0.283501,1292.7,4215.15,9234.51,4914.12,0.185011,6032.76,6114.87,7503.6,6550.41,0.246616
leaf_thi2,7,8,400,350,25395.3,2699.53,14790.4,12343.8,9944.56,0.39159,1353.41,3457.8,16099.6,6970.27,0.274471,7556.41,7169.62,8133.55,7619.86,0.30005
leaf_thi2,7,9,450,350,12166,3575.12,7867.99,5969.66,5804.26,0.477088,1609.98,3369.69,8224.43,4401.37,0.361776,5320.49,5793.43,4096.49,5070.14,0.416746
leaf_thi2,6,9,450,300,12012.7,2125.59,6388.41,3801.2,4105.07,0.341726,1487.92,2479.85,4612.04,2859.94,0.238075,4993.1,4196.72,3892.7,4360.84,0.363018
leaf_thi2,6,8,400,300,16414.4,2924.56,9137.96,8170.96,6744.5,0.410889,2017.13,2362.22,9441.85,4607.07,0.280673,3781.76,4447.41,2417.9,3549.02,0.216214
leaf_thi2,6,7,350,300,17909,5042.69,9842.68,7905.53,7596.97,0.424198,1070.54,2417.49,8293.76,3927.26,0.21929,5008.72,6443.57,3887.35,5113.21,0.285511
leaf_thi2,6,6,300,300,33542.4,4889.6,14226,11300.6,10138.8,0.302267,1326.06,2244.68,9580.79,4383.84,0.130696,11276.7,14586.4,21808,15890.4,0.47374
leaf_thi2,6,5,250,300,24026.5,5901.47,10927.4,15172,10667,0.443968,1856.54,3408.12,13682.3,6315.66,0.262863,7069.05,7002.55,8403.92,7491.84,0.311816
leaf_thi2,6,4,200,300,14590.7,2766.87,7410.74,5426.81,5201.47,0.356491,1523.13,1679.58,5925.59,3042.77,0.208541,6846.56,5161.19,8791.77,6933.17,0.475176
leaf_thi2,6,3,150,300,20128.2,2877.99,3907.75,6363.41,4383.05,0.217757,3060.58,2134.84,4929.16,3374.86,0.167668,4469.84,3732.84,4232.77,4145.15,0.205938
leaf_thi2,6,2,100,300,13322,2736.14,5309.08,3782.34,3942.52,0.295941,1378.88,1867.58,3316.33,2187.6,0.164209,6686.93,5940.62,8415.34,7014.3,0.52652
leaf_thi2,6,1,50,300,15756.2,6495.15,7117.35,7002.14,6871.54,0.436116,1568.1,2197.67,5097.21,2954.33,0.187502,6781.35,6782.39,9602.47,7722.07,0.490097
leaf_thi2,6,0,0,300,19067.4,3954.04,7513.21,7631.31,6366.19,0.333879,1199.13,1882.3,6552.3,3211.24,0.168416,6595.4,7469.47,9769.52,7944.8,0.41667
leaf_thi2,5,0,0,250,17399.5,1861.05,7295.89,4682.23,4613.06,0.265126,2399.18,2811.9,3393.15,2868.08,0.164837,6504.37,7159.23,14469.9,9377.84,0.538972
leaf_thi2,5,1,50,250,11437.9,1471.12,7900.34,5397.32,4922.93,0.430405,1733.5,2595.74,6784.72,3704.65,0.323893,7058.57,6757.11,8073.88,7296.52,0.637924
leaf_thi2,5,2,100,250,11832.7,3391.58,8123.54,4011.26,5175.46,0.437385,1499.34,3189.97,5126.63,3271.98,0.276519,8692.35,7463.51,14575.8,10243.9,0.865723
leaf_thi2,5,3,150,250,18273.6,2508.81,11414.4,7007.99,6977.07,0.38181,1052.95,1094.32,5767.58,2638.28,0.144376,11316.1,9474.28,20211.3,13667.2,0.747921
leaf_thi2,5,4,200,250,15533.5,2833.27,6421.54,4057.68,4437.5,0.285674,1562.9,2615.43,4441.54,2873.29,0.184974,7001.65,4102.55,5315.01,5473.07,0.352341
leaf_thi2,5,5,250,250,16371.4,3055.12,5793.31,5706.19,4851.54,0.296343,1610.79,2203.61,5561.69,3125.36,0.190904,5100.84,5597.12,5018.15,5238.7,0.319992
leaf_thi2,5,6,300,250,18657.6,3832.18,7220.15,12852.2,7968.18,0.427075,1383.99,3220.06,9046.58,4550.21,0.24388,4297.56,3337.11,4331.19,3988.62,0.21378
leaf_thi2,5,7,350,250,16351.7,3448.31,5897.87,7271.24,5539.14,0.338751,1435.82,2592.83,7326.94,3785.19,0.231487,4998.51,5636.35,4686.51,5107.12,0.312331
leaf_thi2,5,8,400,250,15110.7,1940.5,6680,6626.49,5082.33,0.33634,1846.4,2268.98,8128.09,4081.16,0.270085,5610.71,3316.4,4001.13,4309.41,0.28519
leaf_thi2,5,9,450,250,16801.1,3439.16,7161.31,9256.18,6618.88,0.393956,1849.12,1948.8,7924.85,3907.59,0.23258,3796.96,2801.27,3467.62,3355.28,0.199707
leaf_thi2,4,9,450,200,16357.9,2314.42,5532.31,5935.86,4594.19,0.280855,1425.26,2892.16,5381.78,3233.07,0.197646,4964.89,2484.54,2998.71,3482.71,0.212907
leaf_thi2,4,8,400,200,14358.2,5002.53,6229.42,6123.97,5785.31,0.402926,2205.63,1727.64,5625.94,3186.4,0.221921,4229.04,6031.82,3591.05,4617.31,0.321579
leaf_thi2,4,7,350,200,19946.7,2010.85,6834.08,6147.59,4997.51,0.250542,418.468,2512.33,6226.85,3052.55,0.153035,5092.36,3760.27,4490.12,4447.58,0.222973
leaf_thi2,4,6,300,200,18377.6,3761.48,6165.04,9598.65,6508.39,0.354147,1620.13,3200.34,7637.66,4152.71,0.225965,4591.47,3302.02,3913.8,3935.77,0.214161
leaf_thi2,4,5,250,200,13377.4,2150.22,5781.07,4439.34,4123.54,0.308247,1750.46,1913.44,4160.19,2608.03,0.194958,5178.57,3628.82,4213.54,4340.31,0.324451
leaf_thi2,4,4,200,200,12783.2,2445.54,6466.08,5247.43,4719.69,0.369211,1410.16,1763.96,3899.63,2357.92,0.184455,5613.88,5350.85,8842.36,6602.36,0.516489
leaf_thi2,4,3,150,200,14681.9,6594.73,6597.35,6473.87,6555.32,0.446488,1331.75,1071.95,5465.12,2622.94,0.178651,9585.66,10574.9,9703.03,9954.53,0.678012
leaf_thi2,4,2,100,200,13878.5,2651.3,2598.38,4654.28,3301.32,0.237873,1788.61,2086.37,3562.42,2479.14,0.178632,4938.26,3474.07,6629.36,5013.9,0.361271
leaf_thi2,4,1,50,200,12877.6,2611.48,4350.22,4695.4,3885.7,0.301741,854.001,2648.86,3446.49,2316.45,0.179882,6501.38,3975.71,7497.14,5991.41,0.465258
leaf_thi2,4,0,0,200,16052.3,2504.88,4360.34,4630.94,3832.05,0.238723,2168.72,1926.69,3297.12,2464.18,0.15351,7128.97,4324.09,9181.21,6878.09,0.42848
leaf_thi2,3,0,0,150,18694.6,2511.4,6842.36,7172.26,5508.67,0.294667,1100.87,2050.9,4602.02,2584.6,0.138254,6013.67,5847.74,9463.93,7108.45,0.380241
leaf_thi2,3,1,50,150,13994.7,3034.32,6760.25,6607.39,5467.32,0.390671,2343.44,1569.42,3564.54,2492.46,0.178101,9126.48,4008.79,10078.5,7737.94,0.552919
leaf_thi2,3,2,100,150,19389.6,5886.91,10539.4,12864.3,9763.54,0.503546,964.858,1681.72,10776.5,4474.35,0.23076,5308.63,6609.7,3518.1,5145.48,0.265373
leaf_thi2,3,3,150,150,16253,4762.1,7929.7,6310.14,6333.98,0.38971,899.079,2038.34,5668.71,2868.71,0.176503,7392.09,6903.74,10774,8356.6,0.514156
leaf_thi2,3,4,200,150,13152.5,1571.88,5638.3,4029.09,3746.42,0.284845,2077.44,1940.67,3267.52,2428.55,0.184645,5755.55,3755.49,5241.65,4917.56,0.373888
leaf_thi2,3,5,250,150,32383,9184.79,13281.2,18965.9,13810.6,0.426478,1447.12,2528.6,11805.5,5260.4,0.162443,5712.74,5727.56,8444.56,6628.29,0.204684
leaf_thi2,3,6,300,150,25580.7,2601.87,4501.52,5306.57,4136.65,0.16171,1429.62,3379.67,3510.17,2773.15,0.108408,4468.72,5692.45,4524.92,4895.36,0.19137
leaf_thi2,3,7,350,150,14073.7,3189.82,7852.84,7599.52,6214.06,0.441536,2136.91,2621.06,6130.53,3629.5,0.257892,4700.73,4160.71,4964.07,4608.5,0.327455
leaf_thi2,3,8,400,150,14174.5,2127.83,5346.03,5021.19,4165.01,0.293838,1982.46,2266.12,4202.08,2816.89,0.198729,5756.84,4783.76,4552.21,5030.93,0.354928
leaf_thi2,3,9,450,150,17724.6,4678.66,9217.22,8309.85,7401.91,0.417607,1374.55,2042.62,9222.7,4213.29,0.237709,4383.31,12777.5,4248.56,7136.47,0.402632
leaf_thi2,2,9,450,100,12455.2,3851.33,5286.96,7710.31,5616.2,0.450913,2358.21,2192.01,6801.73,3783.98,0.303808,6403.09,4671.92,6105.01,5726.67,0.459783
leaf_thi2,2,8,400,100,20585.6,3424.63,4401.06,4020.5,3948.73,0.19182,1615.45,1798.89,3683.17,2365.84,0.114927,6017.22,4610.1,5669.29,5432.2,0.263884
leaf_thi2,2,7,350,100,17711.2,4316.86,8625.45,5471.24,6137.85,0.346551,1383.05,2513.61,6202.56,3366.41,0.190072,7569.05,5899.16,8917.22,7461.81,0.421304
leaf_thi2,2,6,300,100,13205.8,2106.63,3989.27,4769.41,3621.77,0.274256,1534.53,2100.9,2968.63,2201.35,0.166695,4351.17,2568.26,2914.99,3278.14,0.248234
leaf_thi2,2,5,250,100,18283.2,3920.44,6963.58,9226.85,6703.62,0.366655,1297.94,2037.75,4319.45,2551.71,0.139566,5380.33,5343.4,6970.38,5898.04,0.322593
leaf_thi2,2,4,200,100,13087.5,3910.35,5637.65,6636.6,5394.87,0.412214,1698.68,2059.91,3630.24,2462.94,0.18819,3678.36,5468.69,4751.33,4632.8,0.353985
leaf_thi2,2,3,150,100,16868.6,3027.5,7797.61,9185.1,6670.07,0.395413,1553.38,2475.38,7208.13,3745.63,0.222047,5293.82,4632.27,5046.33,4990.8,0.295863
leaf_thi2,2,2,100,100,14103.4,2229.69,5983.43,3898.23,4037.12,0.28625,1492.56,2249.04,4674.66,2805.42,0.198917,4837.37,3646.14,5137.79,4540.43,0.321938
leaf_thi2,2,1,50,100,14555.2,2164.32,4291.76,4153.76,3536.61,0.24298,1643.03,2346.09,3438.45,2475.85,0.170101,5548.57,3887.25,5296.11,4910.64,0.337381
leaf_thi2,2,0,0,100,15321.7,4311.2,4304.06,6062.39,4892.55,0.319322,1330.38,1438.94,7122.17,3297.16,0.215196,5060.74,6082.04,6724.13,5955.64,0.388707
leaf_thi2,1,0,0,50,10912.9,1820.18,4196.25,2983.14,2999.86,0.274891,1849.01,1553.86,3164.92,2189.27,0.200613,5552.1,4101.22,6511.36,5388.23,0.493749
leaf_thi2,1,1,50,50,11153.3,2018,3266.17,2701.08,2661.75,0.238652,1727.78,2984.78,2889.58,2534.05,0.227202,4694.05,3297.76,3498.94,3830.25,0.343419
leaf_thi2,1,2,100,50,17844.9,1780.62,4133.22,5321.48,3745.11,0.209869,2218.74,1609.3,2709.34,2179.13,0.122114,5772.26,4264.65,6584.41,5540.44,0.310477
leaf_thi2,1,3,150,50,14748.8,1683.72,5401.69,3975.06,3686.82,0.249975,1548.31,2152.77,3092.33,2264.47,0.153536,5067.26,4591.6,5568.9,5075.92,0.344159
leaf_thi2,1,4,200,50,13290.2,2535.64,9934.36,5620.45,6030.15,0.453729,847.856,3059.21,3781.46,2562.84,0.192837,12136.1,6896.53,20359.7,13130.8,0.988006
leaf_thi2,1,5,250,50,17532.2,4165.22,7465.17,6192.64,5941.01,0.338864,1575.7,2375,7279.33,3743.34,0.213513,7361.76,6709.3,10897.3,8322.8,0.474716
leaf_thi2,1,6,300,50,12784.5,4400.61,9758.39,5228.85,6462.62,0.505504,1647.55,1401.59,4446.54,2498.56,0.195437,7350.03,7884.05,11979.3,9071.11,0.70954
leaf_thi2,1,7,350,50,12787.3,2221.82,5086.52,4331.89,3880.08,0.303432,1464.76,1882.95,3078.52,2142.08,0.167516,5772.53,4322.93,6811.12,5635.53,0.440712
leaf_thi2,1,8,400,50,18321.6,8242.29,10384.2,12925.5,10517.3,0.574039,982.569,2522.93,10262.3,4589.26,0.250483,9167.76,10817.4,15916,11967.1,0.653165
leaf_thi2,1,9,450,50,10790.7,3258.61,5679.41,3547.07,4161.7,0.385673,2464.9,2237.08,2550.38,2417.45,0.22403,7716.88,6124.09,10884.6,8241.86,0.76379
leaf_thi2,0,9,450,0,14486.8,2904.56,6491.7,4710.29,4702.18,0.324583,1446.56,1529.68,4632.08,2536.11,0.175063,8859.53,7412.83,14669.7,10314,0.711958
leaf_thi2,0,8,400,0,14940.6,9770.28,19254.2,15961.8,14995.4,1.00367,711.035,2369.82,16357.4,6479.43,0.433678,8316.72,14959.8,10658.6,11311.7,0.757112
leaf_thi2,0,7,350,0,15922.8,3135.9,5657.2,6564.97,5119.36,0.321511,1229.14,1865.22,4117.09,2403.82,0.150967,7848.47,7743.28,8999.94,8197.23,0.51481
leaf_thi2,0,6,300,0,15198.1,5089.42,6738.58,6093.6,5973.87,0.393067,1625.99,2284.86,4665.41,2858.75,0.188099,5511.33,5811.93,5873.15,5732.14,0.377161
leaf_thi2,0,5,250,0,11920.2,3375.98,4961.23,3993.39,4110.2,0.344809,1329.02,1895.13,3707.26,2310.47,0.193828,4688.87,6569.26,6320.52,5859.55,0.491564
leaf_thi2,0,4,200,0,13358.8,2313.58,5469.38,3009.06,3597.34,0.269286,1634.5,2670.18,2913.07,2405.92,0.1801,5868.66,3906.45,8108.07,5961.06,0.446227
leaf_thi2,0,3,150,0,15948,5641.82,12070.3,8154.49,8622.21,0.540646,933.359,1223.88,11294.9,4484.03,0.281166,8850.67,10042.4,7217.15,8703.41,0.545737
leaf_thi2,0,2,100,0,11898.6,2447.42,4257.49,2758.17,3154.36,0.265104,1247.74,2543.7,2377.19,2056.21,0.172812,7612.38,6251.22,11218,8360.52,0.70265
leaf_thi2,0,1,50,0,11575.3,4960.11,8507.52,5901.69,6456.44,0.557775,1246.75,1715.94,6189.12,3050.6,0.263543,5568.83,6784.75,9203.26,7185.61,0.620769
leaf_thi2,0,0,0,0,10659.6,3205.97,3250.52,5446.9,3967.8,0.372229,1738.33,1459.88,4479.86,2559.36,0.2401,5046.8,3231.03,4229.52,4169.12,0.391115
cov3,9,0,0,450,16967,1504.61,5216.62,6148.38,4289.87,0.252836,2788.02,3097.24,5731.17,3872.14,0.228216,1151.05,2357.76,3224.13,2244.31,0.132275
cov3,9,1,50,450,11869.2,1583.37,3624.88,2742.29,2650.18,0.223282,1800.51,1943.13,3155.92,2299.86,0.193766,2267.97,1084.28,3335.76,2229.34,0.187825
cov3,9,2,100,450,13897.6,5218.03,6200.16,14776.5,8731.55,0.628279,7021.73,3666.09,13874.7,8187.51,0.589133,3060.05,3045.18,1987.3,2697.51,0.194099
cov3,9,3,150,450,15505.7,2623.09,3866.13,4143.77,3544.33,0.228583,2067.61,3191.36,3445.71,2901.56,0.187129,1750.59,2046.09,3613.85,2470.18,0.159308
cov3,9,4,200,450,19862.6,5094.43,10424.2,14092.4,9870.34,0.496931,1853.68,3600.09,14026.7,6493.47,0.326919,1319.54,7237.21,4193.15,4249.97,0.213968
cov3,9,5,250,450,23963,3175.22,7124.58,8491.6,6263.8,0.261395,1498.56,2656.27,8135.63,4096.82,0.170964,2040.11,7675.09,3589,4434.73,0.185066
cov3,9,6,300,450,28710.5,2401.75,5352.61,6780.48,4844.95,0.168752,1306.58,2873.8,6417.07,3532.48,0.123038,1340.09,1991.65,5192.82,2841.52,0.0989715
cov3,9,7,350,450,16180.8,2241.83,7688.03,5504.1,5144.65,0.317948,1722.72,3207.15,7071.05,4000.31,0.247226,1855.37,1825.37,3808.47,2496.4,0.154282
cov3,9,8,400,450,19348.2,2578.29,4821.61,3545.19,3648.36,0.188563,1969.1,2799.61,4172.47,2980.39,0.15404,1698.68,2437.93,4264.44,2800.35,0.144734
cov3,9,9,450,450,22266.9,2633.15,5495.59,6492.46,4873.73,0.218878,1692.63,2037.24,6320.19,3350.02,0.150449,1953.63,2105.56,3663.46,2574.21,0.115607
cov3,8,9,450,400,25150.5,5351.27,9712.31,13374.6,9479.41,0.376908,1344.42,2860.75,12862.7,5689.29,0.22621,4699.56,2887.56,5769.29,4452.13,0.17702
cov3,8,8,400,400,26271.8,4245.06,5587.1,8388.43,6073.53,0.23118,2708.99,2585.67,6661.99,3985.55,0.151704,1748.88,1534.69,4212.77,2498.78,0.0951125
cov3,8,7,350,400,18565.1,2306.13,5409.6,6343.72,4686.49,0.252436,1502.05,2544.57,5525.38,3190.67,0.171864,1989.26,2636.16,3586.7,2737.37,0.147447
cov3,8,6,300,400,23525.5,4806.47,11042.3,11312,9053.58,0.384841,1326.61,2130.35,9759.68,4405.55,0.187267,2267.79,5217.3,4349.24,3944.78,0.167681
cov3,8,5,250,400,19354.1,1919.74,4696.13,5110.61,3908.82,0.201964,1938.08,3085.83,4502.14,3175.35,0.164066,1671.06,3241.57,3889.39,2934.01,0.151596
cov3,8,4,200,400,20143.2,3690.5,4989.38,4229.77,4303.21,0.213631,1791.42,3470.35,4699.27,3320.34,0.164837,1714.6,2392.95,3637.26,2581.6,0.128162
cov3,8,3,150,400,24902.8,2149.79,4148.61,4611.61,3636.67,0.146035,1711.07,3369.96,4173.93,3084.99,0.123881,1707.97,1742.05,3522.87,2324.3,0.0933349
cov3,8,2,100,400,12952.8,2495.64,4884.16,3767.51,3715.77,0.286869,1457.41,2281.41,4473.72,2737.51,0.211345,1828.7,2598.85,3088,2505.19,0.193408
cov3,8,1,50,400,39460.6,5313.89,8470.6,8479.23,7421.24,0.188067,3383.69,2250.28,8460.16,4698.05,0.119057,1296.23,3820.39,3177.21,2764.61,0.0700601
cov3,8,0,0,400,12646.9,3139,5515.56,4447.08,4367.21,0.345318,2070.63,2488.44,5199.9,3252.99,0.257216,1908.66,2366.09,3472.21,2582.32,0.204185
cov3,7,0,0,350,14802.6,4010.61,3521.82,8311.18,5281.2,0.356776,2346.73,2048.46,6719.43,3704.87,0.250285,1108.54,3549.52,3085.25,2581.1,0.174368
cov3,7,1,50,350,24252,5454.35,5590.14,11190.2,7411.57,0.305606,1827.9,3120.08,9061.82,4669.93,0.192558,1194.51,3250.54,2774.77,2406.61,0.0992333
cov3,7,2,100,350,15328.1,2599.26,3774,3668.75,3347.34,0.21838,1745.61,2636.89,5075.51,3152.67,0.205679,1956.28,1682.82,3486.32,2375.14,0.154954
cov3,7,3,150,350,26072,3761.05,5484.22,7067.06,5437.44,0.208555,1405.21,2582.31,7650.98,3879.5,0.1488,2071.65,2909.86,3446.86,2809.45,0.107758
cov3,7,4,200,350,19802,2571.54,5296.6,4877.09,4248.41,0.214545,2092.03,2892.25,4013.67,2999.32,0.151466,1451.14,3124.01,3721.1,2765.42,0.139654
cov3,7,5,250,350,18395,3488.48,4786.34,6526.75,4933.86,0.268217,700.794,2335.08,5429.66,2821.84,0.153403,2081.37,3108.94,3614.89,2935.07,0.159558
cov3,7,6,300,350,22516.2,2191.07,5147.74,5447.44,4262.08,0.189289,963.711,6503.6,6471.43,4646.25,0.206351,1439.14,2275.9,4076.6,2597.21,0.115348
cov3,7,7,350,350,16108,3084.2,4513.17,3788.19,3795.19,0.235609,1034.32,2960.74,3468.95,2488,0.154458,2086.75,2013.43,2813.2,2304.46,0.143063
cov3,7,8,400,350,16252.4,2976.9,7194.6,9154.7,6442.06,0.396377,1350.44,1301.21,7177.64,3276.43,0.201597,3234.9,1623.53,4524.87,3127.77,0.19245
cov3,7,9,450,350,21690.7,16043.6,14000.4,6315.43,12119.8,0.558756,2008.4,7128.9,9771.9,6303.07,0.290589,2844.16,5976.01,5983.71,4934.63,0.2275
cov3,6,9,450,300,22940.1,3564.86,6438.79,8081.27,6028.3,0.262785,1517.67,2754.95,7116.26,3796.3,0.165488,2262.78,2459.09,4776.02,3165.96,0.13801
cov3,6,8,400,300,20054.6,2373.33,6529.17,7736.31,5546.27,0.276558,1777.32,2465.81,5590.12,3277.75,0.163441,1801.57,2663.81,4400.14,2955.17,0.147356
cov3,6,7,350,300,15159,2651.97,4164.7,3521.31,3445.99,0.227323,2195.64,2135.58,4633.93,2988.38,0.197136,1423,2524.74,2945.06,2297.6,0.151567
cov3,6,6,300,300,26685.3,2954.12,5420.69,6117.96,4830.92,0.181033,1426.71,2260.42,6180.69,3289.27,0.123261,1071.3,1783.49,3946.07,2266.95,0.0849513
cov3,6,5,250,300,27700.2,3499.71,6233.25,5001.45,4911.47,0.177308,1799.04,3062.62,5797.42,3553.03,0.128267,1077.05,2870.34,3000.77,2316.05,0.0836114
cov3,6,4,200,300,21132.6,3234.13,6563.55,6991.51,5596.4,0.264823,1243.8,2610.41,7888.47,3914.23,0.185223,1247.91,3305.01,3291.98,2614.97,0.123741
cov3,6,3,150,300,11005.6,3252.24,4874.03,4752.6,4292.96,0.390069,1626.6,1584.84,5805.09,3005.51,0.273088,1363.83,3087.76,2998.46,2483.35,0.225644
cov3,6,2,100,300,23280.2,4159.03,5752.31,7322.42,5744.59,0.246758,1978.05,2879.79,6952.55,3936.79,0.169105,1439.29,2819.38,4024.78,2761.15,0.118605
cov3,6,1,50,300,21861.7,3771.08,6799.8,6089.27,5553.38,0.254023,1835.9,2847.46,6028.73,3570.7,0.163331,1542.26,3464.92,3865.63,2957.6,0.135287
cov3,6,0,0,300,13239.6,1441.53,3876.74,4577.7,3298.66,0.249152,1460.91,3154.45,3633.01,2749.46,0.20767,810.189,3427.62,3141.84,2459.88,0.185798
cov3,5,0,0,250,17001.6,5649.04,8372.05,5670.07,6563.72,0.386065,1160.41,2762.53,9011.09,4311.34,0.253585,2952.28,5468.77,3683.58,4034.88,0.237324
cov3,5,1,50,250,13170,2192.25,4892.64,2996.26,3360.38,0.255155,2289.15,2127.76,4275.56,2897.49,0.220007,1632.15,2388.62,2614.97,2211.91,0.167951
cov3,5,2,100,250,15869.4,2821.24,6024.07,5675.46,4840.26,0.305006,1707.19,2373.35,4693.91,2924.82,0.184306,1176.06,2795.13,2575.27,2182.15,0.137507
cov3,5,3,150,250,30381.8,2587.41,6994.19,8760.9,6114.17,0.201244,2086.11,2101.85,8034.45,4074.13,0.134098,1215.19,4464.04,4089.76,3256.33,0.10718
cov3,5,4,200,250,18154.6,3916.51,7374.31,7148.58,6146.47,0.338562,1360.22,4473.55,7660.88,4498.22,0.247772,1147.76,2707.62,3444.2,2433.19,0.134026
cov3,5,5,250,250,19285.2,3904.33,8094.23,6040.53,6013.03,0.311795,1004.62,4081.65,7023.84,4036.7,0.209316,2569.96,2931.04,4779.7,3426.9,0.177696
cov3,5,6,300,250,23138,4308.26,7640.5,7756.68,6568.48,0.283883,834.133,2365.75,7556.06,3585.31,0.154954,1737.68,3851.41,4223,3270.69,0.141356
cov3,5,7,350,250,33041.9,3871.28,5486.04,7614.8,5657.37,0.171218,1459.44,3873.51,6556.71,3963.22,0.119945,1303.01,1773.7,3537.42,2204.71,0.0667247
cov3,5,8,400,250,28078.1,5146.37,8650.82,9721.8,7839.67,0.279209,1301.11,2981.25,13944.8,6075.72,0.216386,1538.51,2882.3,7354.05,3924.95,0.139787
cov3,5,9,450,250,21398.8,3682.59,6437.66,7849.86,5990.04,0.279924,980.403,3739.01,7618.82,4112.74,0.192195,1028.99,7123.85,3372.29,3841.71,0.17953
cov3,4,9,450,200,27226.3,2943.99,6291.2,5648.25,4961.15,0.182219,1554.38,3088.09,7308.58,3983.68,0.146317,2201.19,6120.08,3455.19,3925.49,0.14418
cov3,4,8,400,200,18235.6,1916.5,3484.66,4684.33,3361.83,0.184355,1225.66,3638.84,4295.01,3053.17,0.167429,1935.22,1818.41,3868.77,2540.8,0.139332
cov3,4,7,350,200,27321.8,13278.8,10584.7,8035.98,10633.2,0.389183,1562.89,2529.48,7879.25,3990.54,0.146057,1767.62,15810.1,3292.31,6956.68,0.25462
cov3,4,6,300,200,25820.5,3869.38,8058.8,7848.56,6592.25,0.255311,1432.64,3535.29,8440.74,4469.56,0.173101,2215.28,3994.79,4201.9,3470.66,0.134415
cov3,4,5,250,200,19183.2,6763.32,9524.26,13819.6,10035.7,0.523151,1246.93,4243.12,11871.5,5787.17,0.301678,1846.12,3052.28,2249.35,2382.59,0.124201
cov3,4,4,200,200,21937.1,2179.96,4947.19,4003.09,3710.08,0.169123,1548.65,3223.57,3753.24,2841.82,0.129544,1897.35,2659.73,3471.83,2676.31,0.121999
cov3,4,3,150,200,14584.9,2027.38,4676.47,4147.56,3617.14,0.248006,1767.34,3501.23,4577.75,3282.11,0.225035,1328.35,4379.6,3001.78,2903.24,0.199059
cov3,4,2,100,200,27763.9,2150.45,5370.89,9171.45,5564.26,0.200414,1269.59,2130.17,8097.89,3832.55,0.138041,1422.02,3348.64,3109.81,2626.82,0.0946128
cov3,4,1,50,200,14923.1,3024.54,3135.75,3988.97,3383.09,0.226701,2169.74,2697.88,3261.37,2709.66,0.181575,1121.6,2622.18,2669.76,2137.85,0.143258
cov3,4,0,0,200,21107.4,4536.16,7487.55,10675.8,7566.5,0.358475,1436.43,4196.32,9703.44,5112.06,0.242192,1207.3,3413.87,3935.82,2852.33,0.135134
cov3,3,0,0,150,20255.3,3181.01,4579.96,5477.56,4412.84,0.217861,1331.62,2624.49,5868.17,3274.76,0.161674,1500.12,2589.73,3086.34,2392.06,0.118096
cov3,3,1,50,150,14738.3,1987.25,4415.32,5035.73,3812.77,0.258699,2055.11,3206.4,3883.9,3048.47,0.20684,1657.05,2863.51,3854.5,2791.69,0.189418
cov3,3,2,100,150,16544.8,2418.27,4854.37,3877.51,3716.72,0.224645,1238.19,2582.04,5199.29,3006.51,0.181719,1705.93,2569.98,2330.03,2201.98,0.133092
cov3,3,3,150,150,17865.1,4090.59,5602.85,5392.36,5028.6,0.281476,1506.69,2739.93,7502.71,3916.44,0.219223,1603.59,3105.99,3615.52,2775.03,0.155333
cov3,3,4,200,150,15927.5,8443.43,9588.91,11606.5,9879.63,0.620289,1796.23,1594.6,13272,5554.27,0.348723,1280.05,13629.8,3622.8,6177.55,0.387855
cov3,3,5,250,150,15650.7,4364.46,8664.55,5091.64,6040.21,0.385938,1135.95,3026.68,5169.1,3110.58,0.19875,2118.59,2435.47,3784.41,2779.49,0.177595
cov3,3,6,300,150,25419.9,6293.24,10817.4,12516.2,9875.61,0.388499,2207.32,2294.8,13461.2,5987.76,0.235554,1962.76,8622.63,4347.35,4977.58,0.195814
cov3,3,7,350,150,23937.1,4951.97,8024.21,5551.36,6175.85,0.258003,1750.06,4484.99,7595.23,4610.09,0.192592,1651.17,3161.29,4210.84,3007.77,0.125653
cov3,3,8,400,150,17926.1,1985.55,3912.11,4855.04,3584.24,0.199945,1422.26,3850.38,4325.87,3199.5,0.178483,1352.95,1960.66,3712.29,2341.97,0.130646
cov3,3,9,450,150,23689.9,4604.2,4555.11,4721.68,4627,0.195315,2174.78,3452.11,3974.85,3200.58,0.135103,1489.5,2487.23,4170.03,2715.59,0.114631
cov3,2,9,450,100,18858.6,2343.88,4509.36,4075.38,3642.87,0.193168,2776.29,2979.34,4417.23,3390.96,0.17981,1986.58,3411.02,3959.93,3119.18,0.165398
cov3,2,8,400,100,24005.9,4820.37,5783.33,5862.95,5488.89,0.228647,948.299,3247.16,5353.86,3183.11,0.132597,1331.57,3747.3,4307.51,3128.79,0.130334
cov3,2,7,350,100,24873.6,2721.72,4191.24,4414.59,3775.85,0.151802,2112.79,3869.67,4030.01,3337.49,0.134178,1599.95,1984.34,4008.23,2530.84,0.101748
cov3,2,6,300,100,30122.7,2135.63,4769.71,6715.96,4540.44,0.150731,1834.62,3529.3,6387.11,3917.01,0.130035,1122.34,2504.31,3166.85,2264.5,0.0751759
cov3,2,5,250,100,22872.3,5722.33,5133.75,8567.63,6474.57,0.283075,2242.71,2209.09,7941.93,4131.25,0.180622,1762.1,2641.72,4189.45,2864.42,0.125235
cov3,2,4,200,100,19898.3,2644.48,6282.5,5030.07,4652.35,0.233807,1130.77,2975.45,6095.99,3400.74,0.170906,1770.65,3989.27,3190.17,2983.36,0.149931
cov3,2,3,150,100,20419.7,2891.43,4261.83,8158.58,5103.95,0.249952,1589.51,2641.3,4991.2,3074,0.150541,1427.71,3110.22,3721.62,2753.18,0.13483
cov3,2,2,100,100,19004.8,3234.3,5631.23,5965.42,4943.65,0.260127,1563.83,2581.01,6541.07,3561.97,0.187425,1072.7,3060.49,3902.47,2678.55,0.140941
cov3,2,1,50,100,15466.4,3514.85,7013.33,6839.93,5789.37,0.374318,1368.16,2893.17,7127.44,3796.26,0.245451,1626.18,2959.99,3165.44,2583.87,0.167063
cov3,2,0,0,100,16610.7,2719.71,3747.52,3940.3,3469.18,0.208852,1736.13,3397.45,3509.93,2881.17,0.173452,2010.18,2678.79,3604.02,2764.33,0.166418
cov3,1,0,0,50,16417,2642.74,3360.96,3789.01,3264.23,0.198832,2215.74,2964.14,3537.45,2905.78,0.176998,1598.61,2465.15,3627.12,2563.62,0.156156
cov3,1,1,50,50,16747.8,2948.03,4428.21,5564.17,4313.47,0.257554,1387.52,3526.7,4746.06,3220.09,0.192269,2259.9,4076.39,3997.65,3444.65,0.205677
cov3,1,2,100,50,17317.3,2639.38,4012.91,4410.14,3687.48,0.212937,1812.1,2452.31,4449.41,2904.61,0.167729,1093.92,2094.05,3231.02,2139.66,0.123557
cov3,1,3,150,50,15892.3,1927.13,3991.71,4267.93,3395.59,0.213663,2148.55,3236.13,4598.52,3327.74,0.209393,1615.66,2510.65,3545.72,2557.34,0.160917
cov3,1,4,200,50,20901,1847.64,4848.51,5427.06,4041.07,0.193344,969.293,2914.73,3660.93,2514.99,0.120329,999.647,4534.44,2569.53,2701.2,0.129238
cov3,1,5,250,50,21699.9,2918.99,5828.65,5845.28,4864.31,0.224163,2244.87,2262.54,5486.89,3331.43,0.153523,1582.64,2598.12,3764.31,2648.36,0.122045
cov3,1,6,300,50,22344.7,2548.79,5113.93,6236.42,4633.04,0.207344,1699.92,3058.73,5662.15,3473.6,0.155455,1614.25,2203.28,3923.94,2580.49,0.115485
cov3,1,7,350,50,21026.9,2666.89,3894.66,5157.46,3906.34,0.185778,944.801,2780.77,4719.22,2814.93,0.133873,1181.93,1047.33,3019.32,1749.53,0.0832043
cov3,1,8,400,50,18793.3,3399.88,5838.57,4532.4,4590.28,0.244251,1894.76,2932.67,5351.64,3393.02,0.180544,1418.14,3254.62,3533.36,2735.37,0.145551
cov3,1,9,450,50,20556.5,3304.92,5508.9,5587.77,4800.53,0.233528,1914.57,2889.55,5727.12,3510.41,0.170769,1836.1,2486.07,3749.49,2690.55,0.130886
cov3,0,9,450,0,20542.8,3253.05,5442.15,6773.31,5156.17,0.250997,1320.75,2753.69,6212.86,3429.1,0.166925,1903.34,3550.3,3559.12,3004.25,0.146244
cov3,0,8,400,0,23447.9,5192.19,7920.78,9282.67,7465.21,0.318375,3679.14,3560.71,7340.37,4860.07,0.207271,2251.65,4526.59,3742.57,3506.94,0.149563
cov3,0,7,350,0,38016.9,4949.08,11824.3,9855.6,8876.32,0.233483,1367.46,3263.67,11393.5,5341.54,0.140504,1874.44,7702.16,2544.8,4040.46,0.106281
cov3,0,6,300,0,17718.5,1712.31,6567.26,6332.83,4870.8,0.274899,649.169,3089.25,6563.16,3433.86,0.193801,1509.02,3122.27,4298.22,2976.5,0.167989
cov3,0,5,250,0,16419.5,2428.06,4474.96,4487.75,3796.92,0.231245,1123.96,2649.42,5160.96,2978.11,0.181377,1821.59,2106.73,2858.95,2262.42,0.137789
cov3,0,4,200,0,17668.8,1455.72,3370.41,3344.09,2723.4,0.154137,1912.38,3393.77,3285.35,2863.83,0.162085,1304.33,2059.46,3348.63,2237.47,0.126634
cov3,0,3,150,0,21750,2952.08,5113.26,5530.65,4532,0.208367,1982.55,5337.8,4849.93,4056.76,0.186518,2180.61,2531.89,3523.59,2745.36,0.126223
cov3,0,2,100,0,11978.9,2768.32,4034.58,3678.38,3493.76,0.291659,2776.78,2825.95,2886.93,2829.89,0.236239,1729.16,2624.76,3657.78,2670.57,0.222939
cov3,0,1,50,0,23738.8,11807.4,10841.5,32272.4,18307.1,0.771188,5075.05,6797.25,27577.5,13149.9,0.553942,10677.4,8516.75,17269.5,12154.5,0.512011
cov3,0,0,0,0,9420.88,3207.99,6458.28,8089.62,5918.63,0.628246,1916.57,1742.96,7349.71,3669.75,0.389533,1815.99,4188.17,4116.37,3373.51,0.358089
