wavenumber_cm-1,IG_DQ,IG_TBZ,IG_THI
301.5,0.2010,0.1175,0.0739
303.1,0.1021,0.0596,0.0593
304.6,0.1752,0.1137,0.0439
306.1,0.1533,0.0947,0.0443
307.7,0.1321,0.0826,0.0342
309.2,0.0292,0.0195,0.0145
310.8,0.0079,0.0172,0.0385
312.4,0.0115,0.0207,0.0436
313.9,0.0029,0.0138,0.0357
315.4,0.0228,0.0159,0.0383
317.0,0.0353,0.0304,0.0320
318.6,0.0368,0.0237,0.0168
320.1,0.0116,0.0089,0.0067
321.6,0.0112,0.0060,0.0056
323.2,0.0039,0.0034,0.0028
324.8,0.0009,0.0003,0.0002
326.3,0.0020,0.0009,0.0011
327.9,0.0249,0.0105,0.0053
329.4,0.0070,0.0057,0.0113
330.9,0.0093,0.0044,0.0089
332.5,0.0552,0.0389,0.0144
334.1,0.0219,0.0175,0.0177
335.6,0.0486,0.0352,0.0224
337.1,0.0420,0.0317,0.0341
338.7,0.0530,0.0316,0.0197
340.2,0.0780,0.0559,0.0539
341.8,0.1190,0.0759,0.0752
343.4,0.1014,0.0641,0.0438
344.9,0.0985,0.0791,0.0977
346.4,0.2025,0.1202,0.0870
348.0,0.2434,0.1415,0.0744
349.6,0.1996,0.1126,0.0527
351.1,0.0493,0.0238,0.0550
352.6,0.1336,0.0770,0.0343
354.2,0.1452,0.0719,0.0759
355.8,0.1453,0.0938,0.0647
357.3,0.2496,0.1715,0.1239
358.9,0.2744,0.1908,0.1022
360.4,0.1410,0.0729,0.0811
361.9,0.0811,0.0617,0.0781
363.5,0.0185,0.0334,0.1164
365.1,0.1133,0.1078,0.1587
366.6,0.0253,0.0372,0.0931
368.1,0.2501,0.1394,0.0914
369.7,0.1372,0.0978,0.0365
371.2,0.0456,0.0170,0.0652
372.8,0.0201,0.0176,0.0183
374.4,0.0180,0.0206,0.0142
375.9,0.1292,0.1087,0.0299
377.4,0.0487,0.0550,0.0741
379.0,0.0593,0.0414,0.0261
380.6,0.0622,0.0513,0.0161
382.1,0.0157,0.0152,0.0104
383.6,0.0208,0.0211,0.0096
385.2,0.0303,0.0293,0.0143
386.8,0.0272,0.0290,0.0039
388.3,0.0443,0.0450,0.0049
389.9,0.0439,0.0450,0.0013
391.4,0.0266,0.0275,0.0016
392.9,0.0613,0.0605,0.0006
394.5,0.0236,0.0241,0.0011
396.1,0.1330,0.1296,0.0015
397.6,0.0718,0.0710,0.0008
399.1,0.0675,0.0677,0.0009
400.7,0.0715,0.0724,0.0012
402.2,0.1007,0.0992,0.0013
403.8,0.0576,0.0553,0.0024
405.4,0.0598,0.0590,0.0029
406.9,0.0447,0.0420,0.0066
408.4,0.0546,0.0421,0.0085
410.0,0.0186,0.0104,0.0128
411.6,0.0089,0.0091,0.0144
413.1,0.1024,0.0607,0.0247
414.6,0.0889,0.0450,0.0291
416.2,0.0858,0.0523,0.0426
417.8,0.1546,0.0752,0.0634
419.3,0.1627,0.0880,0.0589
420.9,0.0196,0.0051,0.0268
422.4,0.0906,0.0681,0.0556
423.9,0.0237,0.0196,0.0235
425.5,0.0297,0.0318,0.0563
427.1,0.0178,0.0249,0.0403
428.6,0.0968,0.1030,0.1898
430.1,0.3510,0.2175,0.1238
431.7,0.4518,0.2773,0.1842
433.2,0.4639,0.3204,0.2169
434.8,0.6539,0.4526,0.3035
436.4,0.4189,0.2952,0.2420
437.9,0.8121,0.5418,0.3613
439.4,0.5182,0.3330,0.2581
441.0,0.4198,0.2534,0.2113
442.6,0.4379,0.2602,0.2519
444.1,0.3541,0.2127,0.2191
445.6,0.2088,0.1805,0.3648
447.2,0.4843,0.3234,0.3390
448.8,0.5074,0.3121,0.3425
450.3,0.3161,0.2193,0.2837
451.9,0.1002,0.1000,0.2456
453.4,0.1704,0.1182,0.1850
454.9,0.1673,0.1165,0.1735
456.5,0.1122,0.0907,0.1419
458.1,0.1053,0.0327,0.0620
459.6,0.1218,0.0699,0.0674
461.1,0.0405,0.0493,0.1121
462.7,0.1386,0.0889,0.0684
464.2,0.0923,0.0732,0.0958
465.8,0.0165,0.0230,0.0457
467.4,0.0303,0.0254,0.0092
468.9,0.0432,0.0321,0.0088
470.4,0.0172,0.0120,0.0039
472.0,0.0729,0.0637,0.0132
473.6,0.0748,0.0730,0.0139
475.1,0.0521,0.0562,0.0055
476.6,0.0324,0.0340,0.0045
478.2,0.0313,0.0350,0.0078
479.8,0.0393,0.0412,0.0071
481.3,0.0378,0.0392,0.0045
482.9,0.0222,0.0270,0.0018
484.4,0.0100,0.0136,0.0006
485.9,0.0193,0.0267,0.0007
487.5,0.0020,0.0027,0.0001
489.1,0.0014,0.0019,0.0000
490.6,0.0043,0.0058,0.0000
492.1,0.0035,0.0046,0.0000
493.7,0.0037,0.0048,0.0000
495.2,0.0003,0.0004,0.0000
496.8,0.0009,0.0010,0.0000
498.4,0.0010,0.0010,0.0001
499.9,0.0001,0.0001,0.0000
501.4,0.0001,0.0001,0.0000
503.0,0.0000,0.0000,0.0000
504.6,0.0021,0.0003,0.0001
506.1,0.0118,0.0039,0.0003
507.6,0.0001,0.0001,0.0003
509.2,0.0081,0.0021,0.0026
510.8,0.0311,0.0092,0.0089
512.3,0.0319,0.0119,0.0119
513.9,0.0309,0.0070,0.0109
515.4,0.0246,0.0028,0.0381
517.0,0.0360,0.0099,0.0104
518.5,0.0306,0.0156,0.0334
520.0,0.0279,0.0250,0.0851
521.6,0.0569,0.0272,0.0344
523.1,0.0115,0.0196,0.0605
524.7,0.0391,0.0284,0.0428
526.2,0.0209,0.0228,0.0538
527.8,0.0660,0.0174,0.0715
529.4,0.0365,0.0305,0.1140
530.9,0.0210,0.0233,0.0665
532.5,0.1750,0.0475,0.1365
534.0,0.0515,0.0445,0.1570
535.5,0.1282,0.0653,0.0400
537.1,0.0786,0.0324,0.0931
538.6,0.0582,0.0607,0.1453
540.2,0.0584,0.0814,0.2515
541.8,0.0505,0.0212,0.0843
543.3,0.2105,0.0582,0.1290
544.9,0.0351,0.0508,0.1495
546.4,0.1323,0.1072,0.2976
548.0,0.0636,0.1545,0.6024
549.5,0.2673,0.1599,0.4106
551.0,0.4482,0.2541,0.4832
552.6,0.4033,0.2494,0.4784
554.1,0.1178,0.0915,0.2481
555.7,0.1064,0.1422,0.4911
557.2,0.2814,0.2158,0.5629
558.8,0.3218,0.1782,0.3237
560.4,0.3967,0.2557,0.5008
561.9,0.0970,0.1332,0.4542
563.5,0.0569,0.1032,0.5255
565.0,0.0195,0.1310,0.5739
566.5,0.0370,0.1560,0.6161
568.1,0.0580,0.1910,0.6677
569.6,0.0720,0.1211,0.6377
571.2,0.0620,0.1671,0.8046
572.8,0.0708,0.1645,0.7466
574.3,0.0864,0.1812,0.5938
575.9,0.1432,0.1993,0.5371
577.4,0.0306,0.1088,0.4387
579.0,0.1194,0.1470,0.3487
580.5,0.1459,0.1456,0.3124
582.0,0.1998,0.1453,0.1933
583.6,0.1177,0.0838,0.1193
585.1,0.2485,0.1459,0.1462
586.7,0.1691,0.0950,0.0981
588.2,0.0213,0.0234,0.0447
589.8,0.0819,0.0595,0.0650
591.4,0.0210,0.0191,0.0337
592.9,0.0298,0.0271,0.0419
594.5,0.1022,0.0656,0.0286
596.0,0.0243,0.0231,0.0069
597.5,0.0287,0.0246,0.0042
599.1,0.0221,0.0194,0.0046
600.6,0.0109,0.0120,0.0008
602.2,0.0026,0.0033,0.0010
603.8,0.0131,0.0140,0.0006
605.3,0.0047,0.0051,0.0003
606.9,0.0280,0.0274,0.0009
608.4,0.0076,0.0096,0.0004
610.0,0.0143,0.0179,0.0002
611.5,0.0144,0.0156,0.0001
613.0,0.0454,0.0520,0.0015
614.6,0.0180,0.0223,0.0021
616.1,0.0112,0.0144,0.0012
617.7,0.0020,0.0028,0.0006
619.2,0.0222,0.0293,0.0005
620.8,0.0020,0.0026,0.0002
622.4,0.0331,0.0435,0.0007
623.9,0.0324,0.0428,0.0013
625.5,0.0174,0.0237,0.0015
627.0,0.0373,0.0498,0.0013
628.5,0.0523,0.0697,0.0010
630.1,0.0061,0.0085,0.0013
631.6,0.0053,0.0077,0.0015
633.2,0.0074,0.0105,0.0016
634.8,0.0032,0.0052,0.0037
636.3,0.0592,0.0783,0.0039
637.9,0.0524,0.0687,0.0032
639.4,0.0325,0.0412,0.0007
641.0,0.0429,0.0506,0.0042
642.5,0.0807,0.0934,0.0042
644.0,0.0572,0.0697,0.0070
645.6,0.0560,0.0662,0.0023
647.1,0.1329,0.1537,0.0114
648.7,0.1247,0.1483,0.0106
650.2,0.1528,0.1868,0.0173
651.8,0.0928,0.1115,0.0105
653.4,0.0221,0.0249,0.0068
654.9,0.0375,0.0448,0.0048
656.5,0.0505,0.0588,0.0065
658.0,0.0119,0.0154,0.0066
659.5,0.0755,0.0871,0.0145
661.1,0.0296,0.0322,0.0077
662.6,0.0102,0.0119,0.0171
664.2,0.0101,0.0120,0.0159
665.8,0.0197,0.0209,0.0126
667.3,0.0331,0.0283,0.0107
668.9,0.0350,0.0344,0.0197
670.4,0.0065,0.0067,0.0013
672.0,0.0504,0.0417,0.0140
673.5,0.0536,0.0452,0.0130
675.0,0.0238,0.0209,0.0108
676.6,0.0164,0.0147,0.0177
678.1,0.0114,0.0072,0.0139
679.7,0.0366,0.0158,0.0243
681.2,0.0527,0.0350,0.0406
682.8,0.0330,0.0196,0.0216
684.4,0.0109,0.0030,0.0195
685.9,0.0289,0.0060,0.0159
687.5,0.0265,0.0096,0.0114
689.0,0.0132,0.0065,0.0069
690.5,0.0031,0.0017,0.0016
692.1,0.0124,0.0081,0.0045
693.6,0.0066,0.0052,0.0027
695.2,0.0042,0.0035,0.0035
696.8,0.0038,0.0011,0.0030
698.3,0.0121,0.0056,0.0016
699.9,0.0118,0.0057,0.0012
701.4,0.0184,0.0115,0.0025
703.0,0.0206,0.0142,0.0032
704.5,0.0284,0.0188,0.0032
706.0,0.0288,0.0174,0.0043
707.6,0.0134,0.0089,0.0042
709.1,0.0123,0.0087,0.0042
710.7,0.0293,0.0192,0.0100
712.2,0.0134,0.0085,0.0026
713.8,0.0780,0.0494,0.0086
715.4,0.0392,0.0257,0.0051
716.9,0.0079,0.0051,0.0022
718.5,0.0174,0.0112,0.0024
720.0,0.0144,0.0091,0.0034
721.5,0.0104,0.0052,0.0160
723.1,0.0772,0.0623,0.0094
724.6,0.0716,0.0593,0.0104
726.2,0.1280,0.1019,0.0122
727.8,0.1107,0.0870,0.0078
729.3,0.1480,0.1107,0.0112
730.9,0.2819,0.2148,0.0163
732.4,0.3910,0.3036,0.0235
734.0,0.3778,0.2998,0.0244
735.5,0.3406,0.2706,0.0211
737.0,0.2046,0.1658,0.0147
738.6,0.1805,0.1549,0.0153
740.1,0.1722,0.1526,0.0170
741.7,0.0183,0.0235,0.0132
743.2,0.0240,0.0275,0.0091
744.8,0.1097,0.1108,0.0119
746.4,0.0136,0.0167,0.0065
747.9,0.0159,0.0193,0.0021
749.5,0.0565,0.0609,0.0063
751.0,0.0116,0.0096,0.0048
752.5,0.0066,0.0097,0.0059
754.1,0.0545,0.0600,0.0065
755.6,0.1106,0.1262,0.0119
757.2,0.0471,0.0521,0.0070
758.8,0.0239,0.0259,0.0027
760.3,0.0934,0.1024,0.0072
761.9,0.1399,0.1550,0.0094
763.4,0.1368,0.1524,0.0094
765.0,0.0452,0.0450,0.0051
766.5,0.0676,0.0689,0.0061
768.0,0.1151,0.1274,0.0052
769.6,0.1424,0.1581,0.0077
771.1,0.1815,0.2062,0.0076
772.7,0.3160,0.3680,0.0140
774.2,0.3343,0.3882,0.0140
775.8,0.2718,0.3170,0.0168
777.4,0.3561,0.4188,0.0158
778.9,0.2677,0.3069,0.0134
780.5,0.4904,0.5855,0.0190
782.0,0.3122,0.3637,0.0172
783.5,0.2393,0.2776,0.0112
785.1,0.1040,0.1152,0.0107
786.6,0.1195,0.1304,0.0088
788.2,0.0442,0.0476,0.0030
789.8,0.0864,0.0925,0.0055
791.3,0.0508,0.0505,0.0050
792.9,0.0308,0.0398,0.0098
794.4,0.0395,0.0496,0.0036
796.0,0.0135,0.0137,0.0049
797.5,0.0111,0.0141,0.0061
799.0,0.0303,0.0299,0.0052
800.6,0.0263,0.0257,0.0040
802.1,0.0362,0.0304,0.0021
803.7,0.0381,0.0290,0.0018
805.2,0.0576,0.0339,0.0046
806.8,0.0237,0.0110,0.0090
808.4,0.0021,0.0022,0.0084
809.9,0.0073,0.0027,0.0042
811.5,0.0007,0.0009,0.0022
813.0,0.0106,0.0033,0.0015
814.5,0.0136,0.0014,0.0029
816.1,0.0154,0.0010,0.0045
817.6,0.0039,0.0017,0.0016
819.2,0.0059,0.0046,0.0076
820.8,0.0117,0.0065,0.0109
822.3,0.0064,0.0023,0.0039
823.9,0.0005,0.0006,0.0005
825.4,0.0054,0.0040,0.0003
827.0,0.0003,0.0003,0.0002
828.5,0.0042,0.0057,0.0004
830.0,0.0123,0.0153,0.0005
831.6,0.0046,0.0060,0.0007
833.1,0.0025,0.0034,0.0001
834.7,0.0144,0.0189,0.0003
836.2,0.0032,0.0043,0.0004
837.8,0.0156,0.0203,0.0005
839.4,0.0123,0.0161,0.0003
840.9,0.0176,0.0215,0.0005
842.5,0.0075,0.0090,0.0008
844.0,0.0102,0.0134,0.0012
845.5,0.0198,0.0233,0.0022
847.1,0.0206,0.0266,0.0010
848.6,0.0035,0.0039,0.0015
850.2,0.0167,0.0164,0.0034
851.8,0.0260,0.0307,0.0044
853.3,0.0020,0.0025,0.0005
854.9,0.0123,0.0099,0.0121
856.4,0.0191,0.0140,0.0148
858.0,0.0636,0.0593,0.0338
859.5,0.0465,0.0388,0.0129
861.0,0.0436,0.0279,0.0344
862.6,0.0921,0.0517,0.0522
864.1,0.0602,0.0276,0.0232
865.7,0.0166,0.0094,0.0172
867.2,0.0555,0.0243,0.0280
868.8,0.0354,0.0254,0.0235
870.4,0.0557,0.0426,0.0549
871.9,0.0091,0.0055,0.0292
873.5,0.0472,0.0322,0.0421
875.0,0.0359,0.0122,0.0190
876.5,0.1493,0.0648,0.0500
878.1,0.0310,0.0255,0.0460
879.6,0.0687,0.0507,0.0319
881.2,0.1538,0.1085,0.0421
882.8,0.0867,0.0608,0.0231
884.3,0.0613,0.0481,0.0283
885.9,0.1033,0.0751,0.0391
887.4,0.0966,0.0682,0.0210
889.0,0.0471,0.0390,0.0054
890.5,0.0056,0.0150,0.0448
892.0,0.0224,0.0206,0.0237
893.6,0.0288,0.0167,0.0204
895.1,0.0149,0.0038,0.0109
896.7,0.0537,0.0475,0.0105
898.2,0.0313,0.0213,0.0307
899.8,0.0193,0.0086,0.0111
901.4,0.0261,0.0331,0.0155
902.9,0.0586,0.0471,0.0156
904.5,0.0663,0.0427,0.0142
906.0,0.0763,0.0527,0.0419
907.5,0.0847,0.0507,0.0235
909.1,0.0162,0.0057,0.0055
910.6,0.0650,0.0255,0.0203
912.2,0.2247,0.1135,0.0828
913.8,0.0080,0.0087,0.0187
915.3,0.1383,0.0719,0.0549
916.9,0.0217,0.0144,0.0344
918.4,0.0573,0.0125,0.0773
920.0,0.0285,0.0340,0.0979
921.5,0.1454,0.0710,0.1132
923.0,0.0961,0.0643,0.1247
924.6,0.1478,0.0559,0.1048
926.1,0.0588,0.0362,0.0887
927.7,0.1304,0.0451,0.0572
929.2,0.0500,0.0641,0.1797
930.8,0.1088,0.0813,0.1660
932.4,0.2883,0.1528,0.2438
933.9,0.1270,0.0316,0.1149
935.5,0.2500,0.0812,0.1616
937.0,0.2432,0.1243,0.2311
938.5,0.1703,0.0912,0.1807
940.1,0.2142,0.0975,0.1932
941.6,0.1362,0.0652,0.1422
943.2,0.2691,0.0971,0.1762
944.8,0.2411,0.1053,0.1987
946.3,0.1328,0.0418,0.0783
947.9,0.1081,0.0565,0.1232
949.4,0.1059,0.0326,0.0520
951.0,0.0802,0.0386,0.0667
952.5,0.2096,0.0796,0.1115
954.0,0.2599,0.1091,0.1748
955.6,0.2324,0.0933,0.1313
957.1,0.2598,0.1213,0.1688
958.7,0.2977,0.1252,0.1668
960.2,0.2404,0.1059,0.1489
961.8,0.1115,0.0596,0.0716
963.4,0.1728,0.1117,0.0982
964.9,0.2377,0.1402,0.0716
966.5,0.1865,0.1239,0.0689
968.0,0.1286,0.0916,0.0423
969.5,0.0269,0.0244,0.0381
971.1,0.0262,0.0238,0.0272
972.6,0.0169,0.0215,0.0226
974.2,0.0042,0.0049,0.0111
975.8,0.0133,0.0175,0.0057
977.3,0.0174,0.0216,0.0028
978.9,0.0323,0.0383,0.0037
980.4,0.0197,0.0228,0.0026
982.0,0.0120,0.0136,0.0016
983.5,0.0017,0.0019,0.0009
985.0,0.0140,0.0164,0.0003
986.6,0.0259,0.0320,0.0007
988.1,0.0418,0.0489,0.0007
989.7,0.0782,0.0923,0.0012
991.2,0.0289,0.0329,0.0020
992.8,0.0937,0.1097,0.0011
994.4,0.1003,0.1165,0.0019
995.9,0.1317,0.1548,0.0025
997.5,0.1383,0.1644,0.0042
999.0,0.1450,0.1718,0.0046
1000.5,0.2190,0.2635,0.0058
1002.1,0.2355,0.2904,0.0056
1003.6,0.2303,0.2870,0.0067
1005.2,0.3242,0.4117,0.0108
1006.8,0.2071,0.2643,0.0065
1008.3,0.2752,0.3529,0.0073
1009.9,0.3214,0.4163,0.0078
1011.4,0.2873,0.3722,0.0090
1013.0,0.2318,0.2997,0.0107
1014.5,0.1682,0.2148,0.0056
1016.0,0.1676,0.2079,0.0033
1017.6,0.1401,0.1727,0.0033
1019.1,0.0216,0.0274,0.0020
1020.7,0.0092,0.0107,0.0016
1022.2,0.0474,0.0561,0.0024
1023.8,0.0600,0.0706,0.0023
1025.3,0.0452,0.0516,0.0018
1026.9,0.0623,0.0667,0.0022
1028.5,0.0457,0.0467,0.0015
1030.0,0.0215,0.0219,0.0006
1031.5,0.0069,0.0067,0.0003
1033.1,0.0091,0.0085,0.0003
1034.7,0.0094,0.0084,0.0004
1036.2,0.0067,0.0052,0.0001
1037.8,0.0114,0.0099,0.0008
1039.3,0.0036,0.0030,0.0001
1040.8,0.0019,0.0007,0.0006
1042.4,0.0061,0.0018,0.0015
1044.0,0.0046,0.0013,0.0010
1045.5,0.0004,0.0004,0.0011
1047.0,0.0034,0.0020,0.0004
1048.6,0.0045,0.0021,0.0011
1050.2,0.0034,0.0014,0.0011
1051.7,0.0045,0.0021,0.0010
1053.2,0.0144,0.0071,0.0013
1054.8,0.0038,0.0014,0.0022
1056.3,0.0105,0.0066,0.0019
1057.9,0.0098,0.0066,0.0020
1059.5,0.0598,0.0433,0.0035
1061.0,0.0478,0.0355,0.0026
1062.5,0.0499,0.0347,0.0045
1064.1,0.0641,0.0442,0.0048
1065.7,0.0216,0.0122,0.0131
1067.2,0.0535,0.0377,0.0067
1068.8,0.0589,0.0435,0.0092
1070.3,0.0275,0.0202,0.0132
1071.8,0.1202,0.0846,0.0169
1073.4,0.0079,0.0081,0.0043
1075.0,0.0133,0.0130,0.0130
1076.5,0.3194,0.2081,0.0514
1078.0,0.2830,0.1770,0.0534
1079.6,0.2252,0.1344,0.0431
1081.2,0.0550,0.0359,0.0189
1082.7,0.0373,0.0322,0.0214
1084.2,0.0197,0.0187,0.0377
1085.8,0.0358,0.0251,0.0464
1087.3,0.0722,0.0448,0.0194
1088.9,0.0271,0.0352,0.0525
1090.5,0.0308,0.0275,0.0142
1092.0,0.1294,0.0705,0.0392
1093.5,0.0749,0.0387,0.0278
1095.1,0.1411,0.0682,0.0622
1096.7,0.1467,0.0623,0.0597
1098.2,0.1197,0.0591,0.0457
1099.8,0.0960,0.0375,0.0686
1101.3,0.1020,0.0361,0.0720
1102.8,0.1481,0.0660,0.0545
1104.4,0.1655,0.0473,0.1427
1106.0,0.2592,0.1003,0.1115
1107.5,0.2036,0.0855,0.0852
1109.0,0.2712,0.1176,0.1166
1110.6,0.0883,0.0213,0.0812
1112.2,0.1247,0.0337,0.0730
1113.7,0.0695,0.0089,0.0841
1115.2,0.1314,0.0214,0.1647
1116.8,0.2250,0.0552,0.1469
1118.3,0.0502,0.0188,0.1506
1119.9,0.0472,0.0103,0.1141
1121.5,0.1500,0.0138,0.2065
1123.0,0.0117,0.0463,0.2354
1124.5,0.0651,0.0119,0.1019
1126.1,0.0348,0.0321,0.1940
1127.7,0.0097,0.0559,0.2531
1129.2,0.0897,0.0231,0.2208
1130.8,0.0919,0.0174,0.1889
1132.3,0.1688,0.0157,0.2132
1133.8,0.1825,0.0194,0.2570
1135.4,0.2071,0.0242,0.2679
1137.0,0.3486,0.0460,0.3399
1138.5,0.1203,0.0479,0.3623
1140.0,0.2932,0.0586,0.2246
1141.6,0.4175,0.1209,0.1554
1143.2,0.2480,0.0491,0.1986
1144.7,0.3957,0.1069,0.1773
1146.2,0.2532,0.0495,0.2222
1147.8,0.3139,0.0809,0.1721
1149.3,0.1867,0.0402,0.3437
1150.9,0.0191,0.0372,0.1542
1152.5,0.0944,0.0207,0.1482
1154.0,0.0719,0.0153,0.1138
1155.5,0.0447,0.0457,0.1252
1157.1,0.0637,0.0419,0.0743
1158.7,0.1086,0.0472,0.0603
1160.2,0.1827,0.0885,0.0867
1161.8,0.0503,0.0190,0.1149
1163.3,0.1436,0.0753,0.0549
1164.8,0.2335,0.1557,0.0876
1166.4,0.2708,0.1799,0.0786
1168.0,0.1990,0.1351,0.0478
1169.5,0.3240,0.2236,0.0540
1171.0,0.3417,0.2213,0.0481
1172.6,0.4678,0.3249,0.0559
1174.2,0.5200,0.3677,0.0470
1175.7,0.4525,0.3164,0.0394
1177.2,0.4157,0.3021,0.0320
1178.8,0.4705,0.3488,0.0325
1180.3,0.3904,0.2871,0.0243
1181.9,0.3912,0.3026,0.0231
1183.5,0.2862,0.2192,0.0151
1185.0,0.1678,0.1228,0.0108
1186.5,0.1461,0.1135,0.0067
1188.1,0.1866,0.1476,0.0066
1189.7,0.1551,0.1229,0.0046
1191.2,0.0765,0.0626,0.0033
1192.8,0.0686,0.0545,0.0031
1194.3,0.0295,0.0224,0.0024
1195.8,0.0287,0.0232,0.0011
1197.4,0.0053,0.0042,0.0009
1199.0,0.0013,0.0010,0.0012
1200.5,0.0029,0.0023,0.0008
1202.0,0.0019,0.0012,0.0005
1203.6,0.0005,0.0005,0.0010
1205.2,0.0215,0.0087,0.0053
1206.7,0.0212,0.0071,0.0070
1208.2,0.0083,0.0024,0.0034
1209.8,0.0022,0.0008,0.0014
1211.3,0.0172,0.0090,0.0082
1212.9,0.0318,0.0174,0.0123
1214.5,0.0500,0.0324,0.0207
1216.0,0.0075,0.0063,0.0092
1217.5,0.0100,0.0134,0.0155
1219.1,0.0330,0.0193,0.0080
1220.7,0.0146,0.0090,0.0055
1222.2,0.0507,0.0355,0.0090
1223.8,0.0573,0.0512,0.0108
1225.3,0.1499,0.1145,0.0369
1226.8,0.0860,0.0882,0.0677
1228.4,0.1327,0.1265,0.0495
1230.0,0.1897,0.1680,0.0561
1231.5,0.1172,0.0957,0.0292
1233.0,0.0296,0.0401,0.0307
1234.6,0.0502,0.0565,0.0268
1236.2,0.0267,0.0308,0.0625
1237.7,0.0810,0.0434,0.0418
1239.2,0.1196,0.0841,0.0329
1240.8,0.1055,0.0742,0.0296
1242.3,0.1486,0.1103,0.0286
1243.9,0.1069,0.0750,0.0302
1245.5,0.1292,0.1057,0.0305
1247.0,0.1481,0.1316,0.0283
1248.5,0.1187,0.1065,0.0375
1250.1,0.0819,0.0747,0.0148
1251.7,0.0604,0.0531,0.0154
1253.2,0.0190,0.0155,0.0046
1254.8,0.0601,0.0639,0.0071
1256.3,0.1084,0.1246,0.0098
1257.8,0.1226,0.1462,0.0143
1259.4,0.1486,0.1735,0.0133
1261.0,0.1847,0.2264,0.0225
1262.5,0.1898,0.2386,0.0147
1264.0,0.0810,0.0992,0.0084
1265.6,0.1890,0.2451,0.0173
1267.2,0.2180,0.2838,0.0145
1268.7,0.0965,0.1236,0.0070
1270.2,0.1486,0.1931,0.0101
1271.8,0.1319,0.1719,0.0092
1273.3,0.1885,0.2464,0.0128
1274.9,0.1272,0.1682,0.0108
1276.5,0.1033,0.1348,0.0091
1278.0,0.1166,0.1475,0.0070
1279.5,0.1084,0.1341,0.0065
1281.1,0.0983,0.1186,0.0069
1282.7,0.0430,0.0492,0.0042
1284.2,0.0183,0.0213,0.0023
1285.8,0.0345,0.0377,0.0019
1287.3,0.0156,0.0157,0.0016
1288.8,0.0109,0.0144,0.0010
1290.4,0.0342,0.0426,0.0010
1292.0,0.0332,0.0420,0.0008
1293.5,0.0547,0.0648,0.0008
1295.0,0.0319,0.0371,0.0005
1296.6,0.0561,0.0636,0.0005
1298.2,0.0595,0.0660,0.0005
1299.7,0.0605,0.0661,0.0007
1301.2,0.0394,0.0431,0.0003
1302.8,0.0363,0.0387,0.0006
1304.3,0.0532,0.0525,0.0010
1305.9,0.0869,0.0799,0.0017
1307.5,0.0735,0.0636,0.0019
1309.0,0.1050,0.0898,0.0017
1310.5,0.1041,0.0875,0.0022
1312.1,0.1457,0.1129,0.0034
1313.7,0.1856,0.1451,0.0047
1315.2,0.2313,0.1763,0.0102
1316.8,0.2100,0.1561,0.0160
1318.3,0.2692,0.1965,0.0209
1319.8,0.3004,0.2244,0.0254
1321.4,0.2777,0.2111,0.0305
1323.0,0.3463,0.2562,0.0420
1324.5,0.4166,0.2951,0.0633
1326.0,0.3457,0.2500,0.0696
1327.6,0.4057,0.2694,0.0916
1329.2,0.3766,0.2543,0.1046
1330.7,0.3243,0.2183,0.1213
1332.2,0.2392,0.1711,0.1321
1333.8,0.0238,0.0486,0.1443
1335.3,0.1211,0.1221,0.2708
1336.9,0.0565,0.0715,0.2045
1338.5,0.0416,0.0361,0.0941
1340.0,0.1766,0.1036,0.1966
1341.5,0.2174,0.1206,0.2155
1343.1,0.0343,0.0110,0.0871
1344.7,0.0764,0.1022,0.3582
1346.2,0.0792,0.0826,0.2579
1347.8,0.0402,0.0844,0.3203
1349.3,0.1096,0.0394,0.3239
1350.8,0.0403,0.0823,0.4232
1352.4,0.0426,0.0657,0.3560
1354.0,0.3253,0.0311,0.4562
1355.5,0.0243,0.1546,0.6824
1357.0,0.4074,0.0673,0.3309
1358.6,0.0483,0.2200,0.9609
1360.2,0.3496,0.0403,0.6192
1361.7,0.6944,0.1263,0.4832
1363.2,0.1714,0.1408,0.9063
1364.8,0.1677,0.1752,1.0000
1366.3,0.6063,0.1446,0.2858
1367.9,0.4257,0.0851,0.8511
1369.5,0.1843,0.0964,0.5965
1371.0,0.2209,0.1110,0.6195
1372.5,0.5537,0.1419,0.4451
1374.1,0.0531,0.1090,0.3331
1375.7,0.2851,0.0985,0.3999
1377.2,0.1132,0.1145,0.3354
1378.8,0.1880,0.0905,0.1558
1380.3,0.4254,0.2458,0.4202
1381.8,0.3620,0.2044,0.2854
1383.4,0.0639,0.0668,0.2048
1385.0,0.2891,0.1650,0.2154
1386.5,0.4009,0.2161,0.2136
1388.0,0.4689,0.2304,0.1882
1389.6,0.1545,0.0620,0.0745
1391.2,0.1616,0.0795,0.0596
1392.7,0.2647,0.1279,0.0824
1394.2,0.5104,0.2362,0.1714
1395.8,0.4243,0.2105,0.1761
1397.3,0.2531,0.1299,0.0964
1398.9,0.0830,0.0443,0.0479
1400.5,0.1120,0.0525,0.0360
1402.0,0.1118,0.0696,0.0419
1403.5,0.0235,0.0153,0.0160
1405.1,0.0234,0.0234,0.0027
1406.7,0.0113,0.0137,0.0005
1408.2,0.0047,0.0060,0.0001
1409.8,0.0008,0.0011,0.0000
1411.3,0.0010,0.0014,0.0000
1412.8,0.0037,0.0050,0.0000
1414.4,0.0030,0.0041,0.0000
1416.0,0.0010,0.0013,0.0000
1417.5,0.0041,0.0050,0.0000
1419.0,0.0012,0.0014,0.0004
1420.6,0.0193,0.0180,0.0134
1422.2,0.0064,0.0041,0.0024
1423.7,0.0034,0.0092,0.0456
1425.2,0.0054,0.0097,0.0420
1426.8,0.0671,0.0319,0.0442
1428.3,0.0599,0.0347,0.0705
1429.9,0.0645,0.0329,0.0573
1431.5,0.0205,0.0086,0.0755
1433.0,0.0121,0.0260,0.1568
1434.5,0.0215,0.0273,0.1089
1436.1,0.0500,0.0099,0.1285
1437.7,0.0715,0.0106,0.0977
1439.2,0.1129,0.0111,0.1995
1440.8,0.1300,0.0188,0.1842
1442.3,0.1818,0.0549,0.1415
1443.8,0.2055,0.0727,0.1346
1445.4,0.1086,0.0286,0.1769
1447.0,0.1398,0.0353,0.1919
1448.5,0.1625,0.0554,0.1819
1450.0,0.2272,0.0818,0.2179
1451.6,0.2154,0.0881,0.1607
1453.2,0.2194,0.0680,0.2485
1454.7,0.0787,0.0410,0.2418
1456.2,0.0512,0.0386,0.2270
1457.8,0.0366,0.0468,0.2617
1459.3,0.0418,0.0432,0.2551
1460.9,0.0400,0.0183,0.1398
1462.5,0.0168,0.0267,0.1648
1464.0,0.0190,0.0410,0.1702
1465.5,0.0687,0.0578,0.1743
1467.1,0.0124,0.0293,0.1301
1468.7,0.0768,0.0489,0.1240
1470.2,0.0765,0.0503,0.1215
1471.8,0.1407,0.0806,0.1829
1473.3,0.0727,0.0413,0.0947
1474.8,0.0817,0.0428,0.0944
1476.4,0.0987,0.0446,0.0901
1478.0,0.1470,0.0652,0.1353
1479.5,0.1410,0.0571,0.1121
1481.0,0.1212,0.0478,0.0903
1482.6,0.0445,0.0052,0.0495
1484.2,0.1431,0.0481,0.0860
1485.7,0.0101,0.0167,0.0664
1487.2,0.0777,0.0034,0.1170
1488.8,0.0651,0.0034,0.0962
1490.3,0.1332,0.0141,0.1314
1491.9,0.0206,0.0444,0.2229
1493.5,0.0593,0.0334,0.2611
1495.0,0.0355,0.0544,0.2089
1496.5,0.0293,0.0466,0.2386
1498.1,0.0757,0.0311,0.2612
1499.7,0.0643,0.0242,0.2100
1501.2,0.0298,0.0537,0.2639
1502.8,0.0291,0.0567,0.2867
1504.3,0.0688,0.0316,0.2450
1505.8,0.0518,0.0348,0.2373
1507.4,0.1352,0.0239,0.2436
1509.0,0.0858,0.0189,0.1903
1510.5,0.3008,0.0968,0.1500
1512.0,0.2172,0.0849,0.1255
1513.6,0.2977,0.1447,0.1073
1515.2,0.5304,0.2962,0.1270
1516.7,0.3330,0.1966,0.0846
1518.2,0.4423,0.3021,0.0580
1519.8,0.5367,0.3934,0.0500
1521.3,0.5791,0.4427,0.0439
1522.9,0.5016,0.4102,0.0280
1524.5,0.4583,0.3825,0.0244
1526.0,0.4853,0.4286,0.0204
1527.5,0.4575,0.4275,0.0132
1529.1,0.1396,0.1439,0.0101
1530.7,0.1910,0.2035,0.0083
1532.2,0.1632,0.1764,0.0041
1533.8,0.0928,0.1067,0.0083
1535.3,0.0789,0.0974,0.0039
1536.8,0.0358,0.0296,0.0039
1538.4,0.0497,0.0427,0.0041
1540.0,0.0348,0.0318,0.0031
1541.5,0.0818,0.0818,0.0041
1543.0,0.0845,0.0850,0.0040
1544.6,0.1013,0.0999,0.0046
1546.2,0.0403,0.0381,0.0052
1547.7,0.0522,0.0553,0.0047
1549.2,0.0456,0.0408,0.0069
1550.8,0.0427,0.0454,0.0093
1552.3,0.0708,0.0816,0.0086
1553.9,0.0709,0.0785,0.0089
1555.5,0.0966,0.0947,0.0113
1557.0,0.1739,0.1800,0.0116
1558.5,0.1016,0.1000,0.0201
1560.1,0.1322,0.1276,0.0317
1561.7,0.1356,0.1802,0.0386
1563.2,0.1844,0.2264,0.0351
1564.8,0.3220,0.3645,0.0447
1566.3,0.4807,0.5209,0.0435
1567.8,0.6601,0.6775,0.0412
1569.4,0.9772,1.0000,0.0590
1571.0,0.8801,0.8811,0.0658
1572.5,0.7422,0.7342,0.0448
1574.0,0.9270,0.8991,0.0511
1575.6,1.0000,0.9801,0.0466
1577.2,0.8585,0.8284,0.0415
1578.7,0.9569,0.9474,0.0626
1580.2,0.5633,0.5958,0.0488
1581.8,0.3312,0.3546,0.0296
1583.3,0.1539,0.1904,0.0345
1584.9,0.1114,0.1368,0.0246
1586.5,0.0742,0.0967,0.0095
1588.0,0.1244,0.1497,0.0253
1589.5,0.0762,0.0671,0.0145
1591.1,0.0624,0.0794,0.0117
1592.7,0.0863,0.0797,0.0121
1594.2,0.0344,0.0289,0.0089
1595.8,0.0803,0.0942,0.0097
1597.3,0.0258,0.0348,0.0122
1598.8,0.0576,0.0482,0.0140
1600.4,0.0333,0.0246,0.0081
1602.0,0.0335,0.0420,0.0144
1603.5,0.1281,0.1346,0.0150
1605.0,0.1696,0.1677,0.0141
1606.6,0.1665,0.1668,0.0182
1608.2,0.1748,0.1645,0.0145
1609.7,0.0646,0.0657,0.0076
1611.2,0.1399,0.1335,0.0088
1612.8,0.1143,0.1112,0.0085
1614.3,0.0791,0.0750,0.0076
1615.9,0.0877,0.0807,0.0092
1617.5,0.1343,0.1268,0.0111
1619.0,0.0862,0.0809,0.0071
1620.5,0.0364,0.0323,0.0066
1622.1,0.0584,0.0482,0.0074
1623.7,0.0495,0.0460,0.0055
1625.2,0.0865,0.0704,0.0104
1626.8,0.0265,0.0239,0.0054
1628.3,0.0064,0.0080,0.0065
1629.8,0.0362,0.0341,0.0092
1631.4,0.0232,0.0207,0.0186
1633.0,0.0332,0.0284,0.0107
1634.5,0.0230,0.0195,0.0127
1636.0,0.0101,0.0087,0.0170
1637.6,0.0046,0.0071,0.0130
1639.2,0.0198,0.0093,0.0092
1640.7,0.0293,0.0123,0.0147
1642.2,0.0342,0.0131,0.0221
1643.8,0.0083,0.0037,0.0115
1645.3,0.0094,0.0042,0.0140
1646.9,0.0224,0.0078,0.0163
1648.5,0.0249,0.0077,0.0200
1650.0,0.0539,0.0194,0.0238
1651.5,0.0267,0.0081,0.0190
1653.1,0.0042,0.0055,0.0313
1654.7,0.0215,0.0081,0.0216
1656.2,0.0054,0.0032,0.0135
1657.8,0.0393,0.0115,0.0202
1659.3,0.0154,0.0069,0.0157
1660.8,0.0230,0.0088,0.0192
1662.4,0.0129,0.0027,0.0075
1664.0,0.0250,0.0073,0.0134
1665.5,0.0137,0.0064,0.0036
1667.0,0.0035,0.0078,0.0364
1668.6,0.0763,0.0367,0.0471
1670.2,0.0121,0.0014,0.0171
1671.7,0.0305,0.0144,0.0356
1673.2,0.0053,0.0081,0.0312
1674.8,0.0584,0.0219,0.0244
1676.3,0.0228,0.0095,0.0090
1677.9,0.0043,0.0018,0.0046
1679.5,0.0222,0.0139,0.0222
1681.0,0.0783,0.0377,0.0295
1682.5,0.1160,0.0540,0.0525
1684.1,0.0559,0.0333,0.0323
1685.7,0.0049,0.0030,0.0030
1687.2,0.0201,0.0182,0.0442
1688.8,0.0398,0.0198,0.0157
1690.3,0.0573,0.0279,0.0243
1691.8,0.0302,0.0143,0.0193
1693.4,0.0329,0.0176,0.0077
1695.0,0.0867,0.0434,0.0349
1696.5,0.0708,0.0382,0.0228
1698.0,0.0302,0.0221,0.0257
1699.6,0.0323,0.0209,0.0212
1701.2,0.0223,0.0155,0.0138
1702.7,0.0664,0.0448,0.0260
1704.2,0.0029,0.0042,0.0161
1705.8,0.0100,0.0041,0.0078
1707.3,0.0139,0.0085,0.0030
1708.9,0.0196,0.0115,0.0155
1710.5,0.0471,0.0251,0.0156
1712.0,0.0445,0.0281,0.0083
1713.5,0.0208,0.0126,0.0052
1715.1,0.0103,0.0091,0.0127
1716.7,0.0361,0.0182,0.0122
1718.2,0.0133,0.0088,0.0070
1719.8,0.0083,0.0081,0.0037
1721.3,0.0308,0.0261,0.0056
1722.8,0.0621,0.0438,0.0121
1724.4,0.0099,0.0069,0.0165
1726.0,0.0277,0.0205,0.0079
1727.5,0.0149,0.0123,0.0079
1729.0,0.0053,0.0074,0.0127
1730.6,0.0167,0.0111,0.0118
1732.2,0.0068,0.0031,0.0028
1733.7,0.0083,0.0090,0.0110
1735.2,0.0239,0.0193,0.0069
1736.8,0.0076,0.0052,0.0054
1738.3,0.0145,0.0152,0.0157
1739.9,0.0870,0.0589,0.0130
1741.5,0.0382,0.0315,0.0094
1743.0,0.0039,0.0043,0.0039
1744.5,0.0258,0.0174,0.0057
1746.1,0.0139,0.0129,0.0037
1747.7,0.0082,0.0071,0.0037
1749.2,0.0565,0.0425,0.0065
1750.8,0.0672,0.0552,0.0084
1752.3,0.0161,0.0134,0.0049
1753.8,0.0325,0.0311,0.0029
1755.4,0.0328,0.0301,0.0067
1757.0,0.0494,0.0448,0.0158
1758.5,0.0129,0.0110,0.0018
1760.0,0.0186,0.0155,0.0025
1761.6,0.0518,0.0417,0.0059
1763.2,0.0281,0.0239,0.0065
1764.7,0.0164,0.0154,0.0034
1766.2,0.0253,0.0222,0.0036
1767.8,0.0372,0.0305,0.0036
1769.3,0.0740,0.0672,0.0115
1770.9,0.0712,0.0613,0.0074
1772.5,0.0207,0.0168,0.0055
1774.0,0.0181,0.0197,0.0093
1775.5,0.0154,0.0149,0.0089
1777.1,0.0197,0.0215,0.0019
1778.7,0.0067,0.0082,0.0063
1780.2,0.0175,0.0159,0.0043
1781.8,0.0037,0.0045,0.0028
1783.3,0.0380,0.0311,0.0050
1784.8,0.0044,0.0038,0.0021
1786.4,0.0120,0.0094,0.0022
1788.0,0.0332,0.0328,0.0039
1789.5,0.0411,0.0411,0.0039
1791.0,0.0753,0.0696,0.0062
1792.6,0.0227,0.0184,0.0026
1794.2,0.0341,0.0343,0.0036
1795.7,0.0097,0.0095,0.0032
1797.2,0.0553,0.0500,0.0023
1798.8,0.0135,0.0147,0.0004
